--
-- PostgreSQL database dump
--

\restrict ldZXI1onYHY9n9KeqeIReLUbCsU8q4UXdcrlBMIY6PtMRaHyx6q0o3P4SQAlAIb

-- Dumped from database version 16.10
-- Dumped by pg_dump version 16.10

SET statement_timeout = 0;
SET lock_timeout = 0;
SET idle_in_transaction_session_timeout = 0;
SET client_encoding = 'UTF8';
SET standard_conforming_strings = on;
SELECT pg_catalog.set_config('search_path', '', false);
SET check_function_bodies = false;
SET xmloption = content;
SET client_min_messages = warning;
SET row_security = off;

--
-- Name: public; Type: SCHEMA; Schema: -; Owner: postgres
--

-- *not* creating schema, since initdb creates it


ALTER SCHEMA public OWNER TO postgres;

--
-- Name: SCHEMA public; Type: COMMENT; Schema: -; Owner: postgres
--

COMMENT ON SCHEMA public IS '';


SET default_tablespace = '';

SET default_table_access_method = heap;

--
-- Name: bill; Type: TABLE; Schema: public; Owner: postgres
--

CREATE TABLE public.bill (
    id bigint NOT NULL,
    issued date,
    paid boolean,
    size numeric(12,2),
    status character varying(255),
    client_id bigint,
    CONSTRAINT chk_bill_status CHECK (((status)::text = ANY ((ARRAY['Оплачен'::character varying, 'Выставлен'::character varying, 'Просрочен'::character varying, 'Возвращён'::character varying, 'Отменён'::character varying])::text[]))),
    CONSTRAINT chk_bill_status_paid CHECK ((((paid = true) AND ((status)::text = 'Оплачен'::text)) OR ((paid = false) AND ((status)::text = ANY ((ARRAY['Выставлен'::character varying, 'Просрочен'::character varying, 'Возвращён'::character varying, 'Отменён'::character varying])::text[])))))
);


ALTER TABLE public.bill OWNER TO postgres;

--
-- Name: TABLE bill; Type: COMMENT; Schema: public; Owner: postgres
--

COMMENT ON TABLE public.bill IS 'Счета для оплаты';


--
-- Name: bill_id_seq; Type: SEQUENCE; Schema: public; Owner: postgres
--

CREATE SEQUENCE public.bill_id_seq
    START WITH 1
    INCREMENT BY 1
    NO MINVALUE
    NO MAXVALUE
    CACHE 1;


ALTER SEQUENCE public.bill_id_seq OWNER TO postgres;

--
-- Name: bill_id_seq; Type: SEQUENCE OWNED BY; Schema: public; Owner: postgres
--

ALTER SEQUENCE public.bill_id_seq OWNED BY public.bill.id;


--
-- Name: client; Type: TABLE; Schema: public; Owner: postgres
--

CREATE TABLE public.client (
    id bigint NOT NULL,
    passport_number character varying(20),
    mobile_number character varying(15),
    status character varying(255),
    fio character varying(255),
    CONSTRAINT chk_client_status CHECK (((status)::text = ANY ((ARRAY['Активен'::character varying, 'Заблокирован'::character varying, 'Не активен'::character varying])::text[]))),
    CONSTRAINT chk_mobile_format CHECK (((mobile_number)::text ~* '^\+[1-9]\d{1,14}$'::text)),
    CONSTRAINT chk_passport_format CHECK (((passport_number)::text ~ '^[A-Z0-9]{6,9}$'::text))
);


ALTER TABLE public.client OWNER TO postgres;

--
-- Name: TABLE client; Type: COMMENT; Schema: public; Owner: postgres
--

COMMENT ON TABLE public.client IS 'Клиенты сотового оператора';


--
-- Name: COLUMN client.passport_number; Type: COMMENT; Schema: public; Owner: postgres
--

COMMENT ON COLUMN public.client.passport_number IS 'Поддерживает:
    - Российские паспорта (9 цифр)
    - Загранпаспорта (буквы + цифры)
    - Иностранные документы (международный формат)';


--
-- Name: COLUMN client.mobile_number; Type: COMMENT; Schema: public; Owner: postgres
--

COMMENT ON COLUMN public.client.mobile_number IS 'Формат: +<код страны><номер> (E.164). Примеры:
    +79211234567 (Россия)
    +14155550123 (США)
    +442079460018 (Великобритания)
    +33612345678 (Франция)';


--
-- Name: client_id_seq; Type: SEQUENCE; Schema: public; Owner: postgres
--

CREATE SEQUENCE public.client_id_seq
    START WITH 1
    INCREMENT BY 1
    NO MINVALUE
    NO MAXVALUE
    CACHE 1;


ALTER SEQUENCE public.client_id_seq OWNER TO postgres;

--
-- Name: client_id_seq; Type: SEQUENCE OWNED BY; Schema: public; Owner: postgres
--

ALTER SEQUENCE public.client_id_seq OWNED BY public.client.id;


--
-- Name: contract; Type: TABLE; Schema: public; Owner: postgres
--

CREATE TABLE public.contract (
    id bigint NOT NULL,
    concluded date,
    expire date,
    prepayment numeric(12,2),
    status character varying(255),
    tariff_plan_id bigint,
    client_id bigint,
    employee_id bigint,
    CONSTRAINT chk_contract_status CHECK (((status)::text = ANY ((ARRAY['Активен'::character varying, 'Завершен'::character varying, 'Расторгнут'::character varying])::text[]))),
    CONSTRAINT chk_dates_order CHECK ((expire > concluded))
);


ALTER TABLE public.contract OWNER TO postgres;

--
-- Name: TABLE contract; Type: COMMENT; Schema: public; Owner: postgres
--

COMMENT ON TABLE public.contract IS 'Договоры с клиентами';


--
-- Name: contract_id_seq; Type: SEQUENCE; Schema: public; Owner: postgres
--

CREATE SEQUENCE public.contract_id_seq
    START WITH 1
    INCREMENT BY 1
    NO MINVALUE
    NO MAXVALUE
    CACHE 1;


ALTER SEQUENCE public.contract_id_seq OWNER TO postgres;

--
-- Name: contract_id_seq; Type: SEQUENCE OWNED BY; Schema: public; Owner: postgres
--

ALTER SEQUENCE public.contract_id_seq OWNED BY public.contract.id;


--
-- Name: contract_service; Type: TABLE; Schema: public; Owner: postgres
--

CREATE TABLE public.contract_service (
    contract_id bigint NOT NULL,
    service_id bigint NOT NULL
);


ALTER TABLE public.contract_service OWNER TO postgres;

--
-- Name: TABLE contract_service; Type: COMMENT; Schema: public; Owner: postgres
--

COMMENT ON TABLE public.contract_service IS 'Связь договоров с услугами';


--
-- Name: employee; Type: TABLE; Schema: public; Owner: postgres
--

CREATE TABLE public.employee (
    id bigint NOT NULL,
    passport_number character varying(20),
    bonus numeric(12,2),
    hired date,
    fio character varying(255),
    position_id bigint,
    CONSTRAINT chk_employee_passport CHECK (((passport_number)::text ~ '^[A-Z0-9]{6,9}$'::text))
);


ALTER TABLE public.employee OWNER TO postgres;

--
-- Name: TABLE employee; Type: COMMENT; Schema: public; Owner: postgres
--

COMMENT ON TABLE public.employee IS 'Сотрудники компании';


--
-- Name: employee_id_seq; Type: SEQUENCE; Schema: public; Owner: postgres
--

CREATE SEQUENCE public.employee_id_seq
    START WITH 1
    INCREMENT BY 1
    NO MINVALUE
    NO MAXVALUE
    CACHE 1;


ALTER SEQUENCE public.employee_id_seq OWNER TO postgres;

--
-- Name: employee_id_seq; Type: SEQUENCE OWNED BY; Schema: public; Owner: postgres
--

ALTER SEQUENCE public.employee_id_seq OWNED BY public.employee.id;


--
-- Name: flyway_schema_history; Type: TABLE; Schema: public; Owner: postgres
--

CREATE TABLE public.flyway_schema_history (
    installed_rank integer NOT NULL,
    version character varying(50),
    description character varying(200) NOT NULL,
    type character varying(20) NOT NULL,
    script character varying(1000) NOT NULL,
    checksum integer,
    installed_by character varying(100) NOT NULL,
    installed_on timestamp without time zone DEFAULT now() NOT NULL,
    execution_time integer NOT NULL,
    success boolean NOT NULL
);


ALTER TABLE public.flyway_schema_history OWNER TO postgres;

--
-- Name: position; Type: TABLE; Schema: public; Owner: postgres
--

CREATE TABLE public."position" (
    id bigint NOT NULL,
    name character varying(255),
    description character varying(255),
    salary numeric(12,2),
    category character varying(255)
);


ALTER TABLE public."position" OWNER TO postgres;

--
-- Name: TABLE "position"; Type: COMMENT; Schema: public; Owner: postgres
--

COMMENT ON TABLE public."position" IS 'Должности и оклады сотрудников';


--
-- Name: position_id_seq; Type: SEQUENCE; Schema: public; Owner: postgres
--

CREATE SEQUENCE public.position_id_seq
    START WITH 1
    INCREMENT BY 1
    NO MINVALUE
    NO MAXVALUE
    CACHE 1;


ALTER SEQUENCE public.position_id_seq OWNER TO postgres;

--
-- Name: position_id_seq; Type: SEQUENCE OWNED BY; Schema: public; Owner: postgres
--

ALTER SEQUENCE public.position_id_seq OWNED BY public."position".id;


--
-- Name: service; Type: TABLE; Schema: public; Owner: postgres
--

CREATE TABLE public.service (
    id bigint NOT NULL,
    name character varying(255),
    type character varying(255),
    description character varying(255),
    status character varying(255),
    CONSTRAINT chk_service_status CHECK (((status)::text = ANY ((ARRAY['Активен'::character varying, 'Не активен'::character varying])::text[])))
);


ALTER TABLE public.service OWNER TO postgres;

--
-- Name: TABLE service; Type: COMMENT; Schema: public; Owner: postgres
--

COMMENT ON TABLE public.service IS 'Дополнительные услуги';


--
-- Name: service_id_seq; Type: SEQUENCE; Schema: public; Owner: postgres
--

CREATE SEQUENCE public.service_id_seq
    START WITH 1
    INCREMENT BY 1
    NO MINVALUE
    NO MAXVALUE
    CACHE 1;


ALTER SEQUENCE public.service_id_seq OWNER TO postgres;

--
-- Name: service_id_seq; Type: SEQUENCE OWNED BY; Schema: public; Owner: postgres
--

ALTER SEQUENCE public.service_id_seq OWNED BY public.service.id;


--
-- Name: support_tickets; Type: TABLE; Schema: public; Owner: postgres
--

CREATE TABLE public.support_tickets (
    id bigint NOT NULL,
    client_id bigint,
    employee_id bigint,
    "timestamp" timestamp without time zone,
    response character varying(255)
);


ALTER TABLE public.support_tickets OWNER TO postgres;

--
-- Name: TABLE support_tickets; Type: COMMENT; Schema: public; Owner: postgres
--

COMMENT ON TABLE public.support_tickets IS 'Обращения в техподдержку';


--
-- Name: support_tickets_id_seq; Type: SEQUENCE; Schema: public; Owner: postgres
--

CREATE SEQUENCE public.support_tickets_id_seq
    START WITH 1
    INCREMENT BY 1
    NO MINVALUE
    NO MAXVALUE
    CACHE 1;


ALTER SEQUENCE public.support_tickets_id_seq OWNER TO postgres;

--
-- Name: support_tickets_id_seq; Type: SEQUENCE OWNED BY; Schema: public; Owner: postgres
--

ALTER SEQUENCE public.support_tickets_id_seq OWNED BY public.support_tickets.id;


--
-- Name: tariff_plan; Type: TABLE; Schema: public; Owner: postgres
--

CREATE TABLE public.tariff_plan (
    id bigint NOT NULL,
    price numeric(12,2),
    internet bigint,
    status character varying(255),
    minutes_in bigint,
    minutes_out bigint,
    CONSTRAINT chk_internet_positive CHECK ((internet >= 0)),
    CONSTRAINT chk_minutes_in_positive CHECK ((minutes_in >= 0)),
    CONSTRAINT chk_minutes_out_positive CHECK ((minutes_out >= 0)),
    CONSTRAINT chk_status_valid CHECK (((status)::text = ANY ((ARRAY['Активен'::character varying, 'Не активен'::character varying, 'Архивный'::character varying])::text[])))
);


ALTER TABLE public.tariff_plan OWNER TO postgres;

--
-- Name: TABLE tariff_plan; Type: COMMENT; Schema: public; Owner: postgres
--

COMMENT ON TABLE public.tariff_plan IS 'Тарифные планы связи';


--
-- Name: tariff_plan_id_seq; Type: SEQUENCE; Schema: public; Owner: postgres
--

CREATE SEQUENCE public.tariff_plan_id_seq
    START WITH 1
    INCREMENT BY 1
    NO MINVALUE
    NO MAXVALUE
    CACHE 1;


ALTER SEQUENCE public.tariff_plan_id_seq OWNER TO postgres;

--
-- Name: tariff_plan_id_seq; Type: SEQUENCE OWNED BY; Schema: public; Owner: postgres
--

ALTER SEQUENCE public.tariff_plan_id_seq OWNED BY public.tariff_plan.id;


--
-- Name: bill id; Type: DEFAULT; Schema: public; Owner: postgres
--

ALTER TABLE ONLY public.bill ALTER COLUMN id SET DEFAULT nextval('public.bill_id_seq'::regclass);


--
-- Name: client id; Type: DEFAULT; Schema: public; Owner: postgres
--

ALTER TABLE ONLY public.client ALTER COLUMN id SET DEFAULT nextval('public.client_id_seq'::regclass);


--
-- Name: contract id; Type: DEFAULT; Schema: public; Owner: postgres
--

ALTER TABLE ONLY public.contract ALTER COLUMN id SET DEFAULT nextval('public.contract_id_seq'::regclass);


--
-- Name: employee id; Type: DEFAULT; Schema: public; Owner: postgres
--

ALTER TABLE ONLY public.employee ALTER COLUMN id SET DEFAULT nextval('public.employee_id_seq'::regclass);


--
-- Name: position id; Type: DEFAULT; Schema: public; Owner: postgres
--

ALTER TABLE ONLY public."position" ALTER COLUMN id SET DEFAULT nextval('public.position_id_seq'::regclass);


--
-- Name: service id; Type: DEFAULT; Schema: public; Owner: postgres
--

ALTER TABLE ONLY public.service ALTER COLUMN id SET DEFAULT nextval('public.service_id_seq'::regclass);


--
-- Name: support_tickets id; Type: DEFAULT; Schema: public; Owner: postgres
--

ALTER TABLE ONLY public.support_tickets ALTER COLUMN id SET DEFAULT nextval('public.support_tickets_id_seq'::regclass);


--
-- Name: tariff_plan id; Type: DEFAULT; Schema: public; Owner: postgres
--

ALTER TABLE ONLY public.tariff_plan ALTER COLUMN id SET DEFAULT nextval('public.tariff_plan_id_seq'::regclass);


--
-- Data for Name: bill; Type: TABLE DATA; Schema: public; Owner: postgres
--

COPY public.bill (id, issued, paid, size, status, client_id) FROM stdin;
1	2025-04-18	f	1049.42	Просрочен	226
2	2025-05-19	t	794.23	Оплачен	226
3	2025-04-27	t	672.78	Оплачен	226
4	2025-09-17	f	877.89	Отменён	226
5	2024-10-02	t	176.25	Оплачен	226
6	2024-11-30	t	664.69	Оплачен	226
7	2024-12-06	t	972.42	Оплачен	226
8	2025-03-18	t	945.26	Оплачен	226
9	2025-03-11	f	156.12	Выставлен	226
10	2024-10-15	f	546.95	Возвращён	226
11	2025-02-06	t	446.76	Оплачен	226
12	2024-12-06	t	565.45	Оплачен	226
13	2024-12-30	f	786.04	Просрочен	226
14	2024-10-09	t	339.34	Оплачен	226
15	2025-01-07	t	574.34	Оплачен	226
16	2025-02-16	f	573.81	Отменён	226
17	2024-11-25	f	1052.32	Отменён	226
18	2025-01-06	t	908.13	Оплачен	226
19	2025-09-20	f	989.27	Просрочен	226
20	2025-03-28	t	920.60	Оплачен	226
21	2025-05-17	f	1073.29	Выставлен	226
22	2025-03-31	t	545.79	Оплачен	226
23	2025-05-06	f	345.69	Просрочен	226
24	2024-10-13	t	298.70	Оплачен	226
25	2024-12-16	f	854.25	Возвращён	226
26	2024-10-30	t	276.30	Оплачен	226
27	2025-08-26	f	810.76	Выставлен	226
28	2025-04-11	f	274.18	Возвращён	226
29	2024-10-10	t	896.32	Оплачен	226
30	2024-12-13	t	328.38	Оплачен	226
31	2025-06-24	t	181.46	Оплачен	226
32	2025-03-05	t	218.01	Оплачен	226
33	2025-09-08	t	1075.80	Оплачен	226
34	2025-08-14	t	911.77	Оплачен	226
35	2024-12-28	f	633.63	Просрочен	226
36	2024-10-08	f	761.56	Просрочен	226
37	2025-03-18	t	195.77	Оплачен	226
38	2025-05-17	t	848.99	Оплачен	226
39	2025-07-16	t	301.32	Оплачен	226
40	2025-04-16	t	767.88	Оплачен	226
41	2024-11-23	t	947.27	Оплачен	226
42	2025-04-18	t	471.92	Оплачен	226
43	2024-12-17	f	695.85	Возвращён	226
44	2025-05-11	f	191.07	Выставлен	226
45	2025-07-13	t	1082.83	Оплачен	226
46	2025-02-07	f	675.55	Возвращён	226
47	2025-08-25	f	251.63	Просрочен	226
48	2024-11-14	f	135.33	Выставлен	226
49	2025-08-29	t	493.35	Оплачен	226
50	2024-11-17	t	432.64	Оплачен	226
51	2025-02-05	f	392.38	Отменён	226
52	2024-11-29	t	1093.99	Оплачен	226
53	2025-07-13	t	553.08	Оплачен	226
54	2025-04-26	t	500.75	Оплачен	226
55	2024-11-13	f	730.00	Возвращён	226
56	2024-11-13	t	960.70	Оплачен	226
57	2025-02-19	f	717.46	Отменён	226
58	2025-02-04	f	553.33	Просрочен	226
59	2025-03-01	t	436.86	Оплачен	226
60	2025-09-09	t	1071.20	Оплачен	226
61	2024-09-28	t	554.75	Оплачен	226
62	2025-07-28	f	355.21	Просрочен	226
63	2024-10-02	f	800.83	Выставлен	226
64	2024-10-21	f	146.45	Выставлен	226
65	2025-05-06	t	243.38	Оплачен	226
66	2024-10-27	f	1026.69	Просрочен	226
67	2025-01-23	t	522.44	Оплачен	226
68	2025-01-18	t	120.30	Оплачен	226
69	2024-12-22	t	142.65	Оплачен	226
70	2025-06-08	f	965.74	Возвращён	226
71	2025-07-01	f	704.20	Отменён	226
72	2025-02-07	f	857.72	Просрочен	226
73	2025-04-19	t	234.86	Оплачен	226
74	2025-07-06	f	328.42	Просрочен	226
75	2025-05-22	t	786.76	Оплачен	226
76	2025-03-22	t	826.57	Оплачен	226
77	2025-03-04	f	245.02	Выставлен	226
78	2025-03-31	f	1026.53	Выставлен	226
79	2025-04-29	f	571.40	Просрочен	226
80	2025-04-22	f	528.72	Отменён	226
81	2025-02-24	t	572.64	Оплачен	226
82	2025-07-12	f	263.74	Возвращён	226
83	2024-10-27	f	700.15	Просрочен	226
84	2024-12-28	t	800.12	Оплачен	226
85	2025-06-08	t	221.39	Оплачен	226
86	2025-07-15	f	474.08	Отменён	226
87	2025-02-15	f	780.94	Просрочен	226
88	2025-08-26	t	1059.47	Оплачен	226
89	2024-12-12	f	612.57	Возвращён	226
90	2025-01-24	t	410.01	Оплачен	226
91	2024-12-29	t	518.44	Оплачен	226
92	2025-08-21	t	872.64	Оплачен	226
93	2025-06-06	f	757.56	Выставлен	226
94	2024-11-27	t	479.30	Оплачен	226
95	2024-10-13	t	724.77	Оплачен	226
96	2024-11-18	t	973.47	Оплачен	226
97	2025-07-06	t	681.77	Оплачен	226
98	2025-08-06	f	574.66	Отменён	226
99	2025-01-03	t	702.11	Оплачен	226
100	2024-10-19	f	1028.16	Просрочен	226
101	2025-04-14	t	684.55	Оплачен	226
102	2025-08-31	t	157.99	Оплачен	226
103	2025-09-03	f	987.03	Отменён	226
104	2024-11-19	t	967.14	Оплачен	226
105	2025-07-08	f	248.23	Просрочен	226
106	2025-07-05	t	400.72	Оплачен	226
107	2025-08-19	t	532.88	Оплачен	226
108	2024-12-19	f	919.47	Отменён	226
109	2025-01-21	f	903.78	Выставлен	226
110	2024-10-13	f	978.86	Отменён	226
111	2025-07-19	f	214.53	Просрочен	226
112	2024-11-14	f	1071.12	Выставлен	226
113	2025-06-07	t	263.66	Оплачен	226
114	2025-05-24	f	1042.26	Отменён	226
115	2024-12-18	t	599.65	Оплачен	226
116	2025-08-12	t	537.42	Оплачен	226
117	2025-07-26	t	548.49	Оплачен	226
118	2025-05-04	t	1014.85	Оплачен	226
119	2025-03-09	t	1000.13	Оплачен	226
120	2025-01-08	f	291.11	Выставлен	226
121	2024-09-26	f	938.48	Отменён	226
122	2025-06-10	t	918.47	Оплачен	226
123	2025-09-14	t	706.68	Оплачен	226
124	2025-01-28	f	952.36	Выставлен	226
125	2025-01-25	f	369.17	Отменён	226
126	2025-01-16	f	310.67	Просрочен	226
127	2025-06-10	f	538.30	Просрочен	226
128	2025-04-13	t	912.82	Оплачен	226
129	2025-02-14	t	914.11	Оплачен	226
130	2025-05-17	t	238.03	Оплачен	226
131	2025-04-27	t	858.55	Оплачен	226
132	2025-07-15	t	801.35	Оплачен	226
133	2025-06-20	f	251.17	Просрочен	226
134	2025-01-27	t	932.25	Оплачен	226
135	2024-12-04	t	779.73	Оплачен	226
136	2025-05-26	t	290.49	Оплачен	226
137	2024-12-27	f	390.82	Возвращён	226
138	2025-08-25	t	559.45	Оплачен	226
139	2024-12-23	t	363.03	Оплачен	226
140	2025-09-18	t	212.57	Оплачен	226
141	2024-11-26	t	616.95	Оплачен	226
142	2025-05-23	f	389.63	Выставлен	226
143	2024-11-03	t	637.93	Оплачен	226
144	2025-09-15	f	949.47	Отменён	226
145	2024-11-08	f	279.01	Просрочен	226
146	2024-10-06	t	425.16	Оплачен	226
147	2025-06-28	f	767.78	Возвращён	226
148	2025-03-19	t	932.98	Оплачен	226
149	2024-12-13	t	305.83	Оплачен	226
150	2025-09-06	f	885.69	Отменён	226
151	2025-08-30	t	228.32	Оплачен	226
152	2025-05-02	f	155.74	Отменён	226
153	2025-02-01	t	971.66	Оплачен	226
154	2025-01-12	t	926.43	Оплачен	226
155	2025-05-25	t	961.29	Оплачен	226
156	2025-03-31	f	528.13	Отменён	226
157	2025-07-19	t	862.17	Оплачен	226
158	2025-03-28	f	1073.35	Отменён	226
159	2025-07-14	f	290.46	Возвращён	226
160	2024-10-30	f	123.03	Отменён	226
161	2024-11-23	t	423.99	Оплачен	226
162	2024-10-09	f	369.39	Выставлен	226
163	2025-03-26	f	319.87	Отменён	226
164	2025-07-01	f	463.13	Отменён	226
165	2025-08-21	t	1035.09	Оплачен	226
166	2024-12-25	t	203.96	Оплачен	226
167	2025-07-11	f	670.61	Возвращён	226
168	2025-07-03	f	434.40	Возвращён	226
169	2025-07-14	t	408.33	Оплачен	226
170	2025-05-05	f	759.02	Выставлен	226
171	2024-10-09	t	620.51	Оплачен	226
172	2025-01-20	t	125.60	Оплачен	226
173	2025-02-02	f	611.72	Просрочен	226
174	2025-06-17	t	1017.60	Оплачен	226
175	2025-09-06	f	1076.73	Просрочен	226
176	2025-01-01	t	323.69	Оплачен	226
177	2024-11-11	t	1071.67	Оплачен	226
178	2025-07-27	f	1051.70	Отменён	226
179	2025-03-07	f	673.66	Выставлен	226
180	2025-09-20	t	605.60	Оплачен	226
181	2025-07-31	t	311.70	Оплачен	226
182	2025-01-15	f	1072.91	Выставлен	226
183	2025-06-10	f	135.54	Отменён	226
184	2025-06-14	t	915.18	Оплачен	226
185	2025-03-26	f	989.23	Возвращён	226
186	2025-04-10	f	679.90	Просрочен	226
187	2025-01-26	f	279.93	Просрочен	226
188	2025-07-19	t	691.72	Оплачен	226
189	2025-02-22	f	747.44	Возвращён	226
190	2025-01-03	f	195.37	Просрочен	226
191	2025-08-15	t	1034.79	Оплачен	226
192	2025-04-29	f	211.00	Просрочен	226
193	2025-06-18	t	379.65	Оплачен	226
194	2024-12-20	t	753.51	Оплачен	226
195	2024-11-29	f	657.57	Возвращён	226
196	2025-01-13	t	992.73	Оплачен	226
197	2025-09-17	t	650.79	Оплачен	226
198	2024-10-28	f	356.96	Выставлен	226
199	2025-05-16	t	112.74	Оплачен	226
200	2025-07-20	t	905.09	Оплачен	226
201	2025-04-29	t	982.98	Оплачен	226
202	2025-01-17	t	609.24	Оплачен	226
203	2025-01-05	t	357.14	Оплачен	226
204	2025-01-05	t	794.56	Оплачен	226
205	2025-03-15	f	726.32	Отменён	226
206	2025-07-14	f	933.73	Отменён	226
207	2025-05-02	f	276.22	Выставлен	226
208	2024-10-01	t	943.42	Оплачен	226
209	2025-05-09	t	879.07	Оплачен	226
210	2025-05-21	f	622.36	Возвращён	226
211	2025-07-14	t	556.78	Оплачен	226
212	2024-12-11	f	111.72	Выставлен	226
213	2025-01-13	t	875.22	Оплачен	226
214	2025-07-26	t	468.89	Оплачен	226
215	2025-04-06	f	799.52	Выставлен	226
216	2025-06-08	t	962.64	Оплачен	226
217	2025-01-19	t	676.78	Оплачен	226
218	2024-11-30	t	230.87	Оплачен	226
219	2024-11-02	f	887.91	Выставлен	226
220	2025-01-22	t	320.95	Оплачен	226
221	2025-06-05	t	931.47	Оплачен	226
222	2025-01-07	f	535.68	Возвращён	226
223	2025-05-16	t	763.52	Оплачен	226
224	2025-07-08	f	262.15	Выставлен	226
225	2025-05-24	f	610.24	Выставлен	226
226	2025-02-24	f	269.90	Возвращён	226
227	2024-12-11	f	371.33	Просрочен	226
228	2025-04-27	f	870.32	Возвращён	226
229	2024-09-26	f	345.23	Возвращён	226
230	2025-06-14	t	381.08	Оплачен	226
231	2025-09-14	f	867.21	Просрочен	226
232	2025-06-18	f	440.51	Отменён	226
233	2025-02-28	f	515.50	Выставлен	226
234	2025-01-28	f	718.53	Выставлен	226
235	2024-11-25	t	464.47	Оплачен	226
236	2025-03-16	f	139.87	Просрочен	226
237	2024-10-18	t	261.18	Оплачен	226
238	2025-02-12	t	508.48	Оплачен	226
239	2024-10-04	f	788.33	Возвращён	226
240	2025-07-22	f	221.20	Отменён	226
241	2025-08-03	t	977.62	Оплачен	226
242	2024-11-13	f	167.06	Возвращён	226
243	2025-08-12	t	776.28	Оплачен	226
244	2025-04-08	t	315.09	Оплачен	226
245	2025-02-24	f	899.28	Отменён	226
246	2024-11-12	f	972.41	Отменён	226
247	2025-02-01	t	321.68	Оплачен	226
248	2025-09-01	t	1056.29	Оплачен	226
249	2025-08-08	t	270.72	Оплачен	226
250	2024-09-26	t	981.48	Оплачен	226
251	2025-08-21	t	193.21	Оплачен	226
252	2025-07-23	f	1083.97	Отменён	226
253	2025-06-01	t	820.70	Оплачен	226
254	2025-05-02	f	1009.45	Выставлен	226
255	2025-03-27	f	606.42	Отменён	226
256	2024-10-07	t	1019.70	Оплачен	226
257	2025-04-29	f	782.16	Выставлен	226
258	2025-01-20	f	624.17	Возвращён	226
259	2025-07-27	t	1099.48	Оплачен	226
260	2025-07-22	f	499.22	Выставлен	226
261	2025-06-18	t	333.85	Оплачен	226
262	2025-09-15	t	499.03	Оплачен	226
263	2025-08-25	t	348.56	Оплачен	226
264	2024-11-20	f	822.35	Просрочен	226
265	2025-07-10	t	342.31	Оплачен	226
266	2024-11-21	t	946.13	Оплачен	226
267	2025-07-10	t	356.71	Оплачен	226
268	2025-05-23	f	862.70	Просрочен	226
269	2025-09-10	t	320.64	Оплачен	226
270	2024-10-20	f	548.01	Отменён	226
271	2025-05-11	f	748.04	Выставлен	226
272	2025-05-10	t	622.03	Оплачен	226
273	2025-06-14	f	860.01	Выставлен	226
274	2025-08-27	f	499.03	Отменён	226
275	2025-06-11	t	840.81	Оплачен	226
276	2024-10-25	f	715.67	Просрочен	226
277	2025-01-12	t	679.47	Оплачен	226
278	2025-03-26	t	614.87	Оплачен	226
279	2025-01-30	f	557.17	Просрочен	226
280	2025-06-09	f	532.88	Просрочен	226
281	2025-09-15	t	912.14	Оплачен	226
282	2024-10-07	t	789.95	Оплачен	226
283	2025-09-13	f	378.24	Возвращён	226
284	2025-01-10	f	1066.47	Возвращён	226
285	2025-07-09	f	712.61	Возвращён	226
286	2024-12-04	t	387.90	Оплачен	226
287	2025-03-29	t	201.55	Оплачен	226
288	2025-09-10	t	111.18	Оплачен	226
289	2025-06-07	t	189.18	Оплачен	226
290	2024-10-29	f	823.26	Выставлен	226
291	2025-06-12	t	807.20	Оплачен	226
292	2025-03-22	f	1073.64	Возвращён	226
293	2025-08-26	f	512.91	Просрочен	226
294	2025-07-02	f	899.93	Отменён	226
295	2025-02-17	f	794.49	Возвращён	226
296	2025-07-23	t	947.77	Оплачен	226
297	2025-06-09	t	833.84	Оплачен	226
298	2024-10-21	t	963.40	Оплачен	226
299	2024-10-12	f	726.12	Возвращён	226
300	2025-07-19	f	575.83	Отменён	226
301	2025-08-01	t	627.23	Оплачен	226
302	2025-03-31	t	779.03	Оплачен	226
303	2024-09-28	t	1006.79	Оплачен	226
304	2024-10-28	f	402.41	Отменён	226
305	2024-12-12	t	565.48	Оплачен	226
306	2024-11-10	t	160.94	Оплачен	226
307	2024-12-30	t	566.91	Оплачен	226
308	2025-09-14	f	186.46	Отменён	226
309	2024-09-24	f	305.78	Отменён	226
310	2025-01-27	f	666.33	Отменён	226
311	2025-09-18	f	516.84	Отменён	226
312	2024-12-28	t	872.27	Оплачен	226
313	2025-03-17	f	881.64	Выставлен	226
314	2025-06-18	t	632.00	Оплачен	226
315	2025-05-19	f	364.29	Отменён	226
316	2025-03-29	t	475.01	Оплачен	226
317	2024-11-21	f	569.31	Выставлен	226
318	2024-10-05	t	196.91	Оплачен	226
319	2025-08-03	f	201.61	Просрочен	226
320	2025-01-02	t	155.14	Оплачен	226
321	2024-10-02	t	332.33	Оплачен	226
322	2024-11-10	f	420.49	Отменён	226
323	2025-07-25	t	178.39	Оплачен	226
324	2025-08-23	f	161.50	Возвращён	226
325	2025-06-30	f	542.09	Просрочен	226
326	2025-03-02	f	1093.47	Отменён	226
327	2025-01-09	f	947.16	Просрочен	226
328	2025-08-20	t	765.30	Оплачен	226
329	2025-01-26	f	107.82	Выставлен	226
330	2024-10-11	t	698.33	Оплачен	226
331	2025-09-02	t	126.16	Оплачен	226
332	2025-05-06	f	534.55	Возвращён	226
333	2025-07-23	f	241.68	Возвращён	226
334	2025-04-23	t	159.93	Оплачен	226
335	2024-10-02	f	1008.07	Отменён	226
336	2025-06-29	t	123.33	Оплачен	226
337	2024-12-23	f	357.10	Возвращён	226
338	2024-10-25	f	346.38	Выставлен	226
339	2025-08-03	f	914.33	Просрочен	226
340	2024-11-03	t	159.95	Оплачен	226
341	2025-02-16	t	591.58	Оплачен	226
342	2025-02-03	f	539.26	Выставлен	226
343	2025-02-02	t	824.55	Оплачен	226
344	2025-01-08	f	1074.96	Отменён	226
345	2024-12-25	t	436.36	Оплачен	226
346	2024-11-07	f	751.84	Возвращён	226
347	2024-10-09	t	997.70	Оплачен	226
348	2024-12-30	f	709.09	Возвращён	226
349	2025-07-30	t	792.33	Оплачен	226
350	2024-11-11	t	425.81	Оплачен	226
351	2025-01-29	t	198.44	Оплачен	226
352	2024-12-17	t	111.94	Оплачен	226
353	2025-01-26	t	609.82	Оплачен	226
354	2025-06-30	f	1030.79	Выставлен	226
355	2024-10-10	f	1030.52	Выставлен	226
356	2025-02-24	t	340.26	Оплачен	226
357	2025-05-30	f	529.25	Выставлен	226
358	2024-11-09	f	163.45	Выставлен	226
359	2025-07-18	t	889.51	Оплачен	226
360	2025-07-18	t	754.95	Оплачен	226
361	2025-01-24	f	787.86	Отменён	226
362	2024-12-20	t	500.68	Оплачен	226
363	2025-01-07	f	728.81	Просрочен	226
364	2025-07-29	t	530.53	Оплачен	226
365	2025-05-05	f	713.88	Выставлен	226
366	2024-12-16	t	347.55	Оплачен	226
367	2025-08-22	f	1063.47	Просрочен	226
368	2025-06-26	t	613.12	Оплачен	226
369	2025-04-11	t	262.49	Оплачен	226
370	2025-06-07	f	918.89	Возвращён	226
371	2025-02-03	t	1023.89	Оплачен	226
372	2025-04-03	f	362.54	Возвращён	226
373	2025-05-29	f	105.18	Возвращён	226
374	2024-12-10	f	687.10	Возвращён	226
375	2025-04-26	f	362.10	Просрочен	226
376	2025-01-19	t	398.90	Оплачен	226
377	2025-03-20	t	496.65	Оплачен	226
378	2024-09-26	t	1027.36	Оплачен	226
379	2025-03-18	t	536.36	Оплачен	226
380	2024-11-29	f	768.29	Возвращён	226
381	2024-09-28	f	374.97	Выставлен	226
382	2025-03-13	t	252.97	Оплачен	226
383	2025-06-30	t	563.67	Оплачен	226
384	2025-04-03	f	376.00	Просрочен	226
385	2025-05-06	t	694.18	Оплачен	226
386	2025-03-25	f	1080.05	Выставлен	226
387	2024-10-03	f	213.55	Отменён	226
388	2025-04-10	f	149.78	Выставлен	226
389	2025-06-24	f	573.35	Отменён	226
390	2025-07-21	f	312.61	Просрочен	226
391	2024-09-29	t	1096.00	Оплачен	226
392	2024-11-04	f	232.44	Отменён	226
393	2025-03-28	t	1000.54	Оплачен	226
394	2024-10-31	t	794.07	Оплачен	226
395	2025-01-28	f	432.10	Выставлен	226
396	2025-02-02	f	509.68	Просрочен	226
397	2025-09-02	t	669.18	Оплачен	226
398	2024-12-17	f	554.14	Выставлен	226
399	2024-09-28	t	868.74	Оплачен	226
400	2025-05-06	t	1091.82	Оплачен	226
401	2025-04-30	f	823.90	Возвращён	226
402	2024-12-05	f	236.71	Возвращён	226
403	2025-07-18	f	510.16	Просрочен	226
404	2024-11-17	t	275.66	Оплачен	226
405	2024-09-26	f	564.97	Отменён	226
406	2025-04-08	t	692.85	Оплачен	226
407	2025-07-15	f	1050.74	Возвращён	226
408	2025-06-03	t	353.31	Оплачен	226
409	2025-05-25	t	675.28	Оплачен	226
410	2025-08-03	t	785.48	Оплачен	226
411	2025-04-17	f	318.93	Выставлен	226
412	2025-07-15	f	1086.73	Просрочен	226
413	2025-08-12	t	1048.74	Оплачен	226
414	2024-12-04	t	749.30	Оплачен	226
415	2025-07-12	f	544.63	Выставлен	226
416	2024-12-27	f	417.14	Возвращён	226
417	2025-08-08	t	511.63	Оплачен	226
418	2025-02-25	t	385.79	Оплачен	226
419	2025-01-19	f	375.35	Возвращён	226
420	2025-06-25	t	1034.10	Оплачен	226
421	2025-05-22	t	326.92	Оплачен	226
422	2025-03-08	t	931.95	Оплачен	226
423	2025-03-21	t	196.49	Оплачен	226
424	2025-04-08	t	285.09	Оплачен	226
425	2025-07-08	t	932.58	Оплачен	226
426	2025-09-17	f	405.47	Возвращён	226
427	2025-06-18	f	308.14	Возвращён	226
428	2025-04-01	t	1012.72	Оплачен	226
429	2025-06-16	f	967.03	Возвращён	226
430	2024-10-13	f	351.54	Отменён	226
431	2025-03-19	f	959.85	Возвращён	226
432	2024-10-04	f	933.61	Выставлен	226
433	2025-06-25	f	137.81	Отменён	226
434	2025-08-01	f	169.26	Просрочен	226
435	2024-09-24	t	249.66	Оплачен	226
436	2025-02-28	t	159.27	Оплачен	226
437	2024-11-02	f	400.10	Возвращён	226
438	2025-09-11	f	499.65	Просрочен	226
439	2024-11-03	f	886.08	Отменён	226
440	2025-05-23	t	677.07	Оплачен	226
441	2025-04-30	f	126.09	Возвращён	226
442	2025-09-06	f	330.12	Отменён	226
443	2024-12-29	t	937.20	Оплачен	226
444	2025-09-10	f	1043.34	Отменён	226
445	2025-01-11	t	1066.94	Оплачен	226
446	2025-09-11	t	376.06	Оплачен	226
447	2025-04-22	f	184.18	Просрочен	226
448	2024-10-21	f	381.87	Выставлен	226
449	2024-12-17	t	525.29	Оплачен	226
450	2025-03-17	t	1085.88	Оплачен	226
451	2025-02-19	f	1029.61	Выставлен	226
452	2024-10-08	t	1079.43	Оплачен	226
453	2025-07-13	t	789.77	Оплачен	226
454	2025-06-12	f	177.66	Отменён	226
455	2024-12-02	t	138.50	Оплачен	226
456	2025-04-04	f	1066.30	Выставлен	226
457	2024-12-06	f	467.37	Возвращён	226
458	2024-10-02	t	478.19	Оплачен	226
459	2025-04-12	f	280.75	Выставлен	226
460	2025-01-10	t	301.97	Оплачен	226
461	2025-06-21	t	100.60	Оплачен	226
462	2024-10-23	f	1017.00	Просрочен	226
463	2025-03-14	f	449.07	Выставлен	226
464	2025-09-17	t	994.61	Оплачен	226
465	2024-10-23	t	658.26	Оплачен	226
466	2025-08-26	f	668.27	Просрочен	226
467	2025-08-07	t	136.11	Оплачен	226
468	2025-04-19	t	326.81	Оплачен	226
469	2025-07-14	f	291.04	Отменён	226
470	2025-04-27	f	636.95	Возвращён	226
471	2025-07-01	f	183.21	Возвращён	226
472	2024-12-31	t	574.81	Оплачен	226
473	2025-02-11	t	467.91	Оплачен	226
474	2025-01-09	f	808.07	Выставлен	226
475	2024-12-14	f	148.43	Просрочен	226
476	2025-07-03	f	205.51	Выставлен	226
477	2024-10-18	t	971.18	Оплачен	226
478	2024-10-26	t	153.12	Оплачен	226
479	2024-12-31	f	870.85	Отменён	226
480	2025-01-15	t	440.63	Оплачен	226
481	2025-04-10	f	919.19	Просрочен	226
482	2025-08-27	t	603.36	Оплачен	226
483	2025-05-14	f	996.74	Просрочен	226
484	2025-05-12	t	410.49	Оплачен	226
485	2025-01-22	t	496.56	Оплачен	226
486	2025-09-21	f	700.19	Возвращён	226
487	2025-02-03	t	998.07	Оплачен	226
488	2025-04-10	t	683.59	Оплачен	226
489	2025-06-03	f	421.46	Просрочен	226
490	2025-08-08	t	467.63	Оплачен	226
491	2025-02-19	f	693.81	Выставлен	226
492	2025-03-19	t	570.86	Оплачен	226
493	2025-08-08	f	597.38	Просрочен	226
494	2024-10-09	f	436.65	Отменён	226
495	2025-04-06	t	180.78	Оплачен	226
496	2025-07-25	f	1072.38	Выставлен	226
497	2025-02-15	f	515.24	Просрочен	226
498	2025-06-19	t	795.47	Оплачен	226
499	2025-03-11	f	682.58	Отменён	226
500	2025-05-19	f	915.79	Выставлен	226
501	2025-08-06	f	736.28	Возвращён	226
502	2025-03-29	t	688.05	Оплачен	226
503	2025-04-24	t	490.91	Оплачен	226
504	2024-10-05	f	1058.85	Отменён	226
505	2024-10-11	t	597.51	Оплачен	226
506	2024-12-24	t	830.53	Оплачен	226
507	2025-07-18	f	286.26	Просрочен	226
508	2024-10-19	f	957.77	Просрочен	226
509	2025-08-25	f	980.34	Возвращён	226
510	2025-02-02	f	348.40	Возвращён	226
511	2024-10-31	t	240.50	Оплачен	226
512	2024-12-16	f	139.80	Отменён	226
513	2025-04-16	f	954.75	Отменён	226
514	2025-09-04	t	156.12	Оплачен	226
515	2024-11-15	f	260.57	Возвращён	226
516	2025-06-11	t	125.78	Оплачен	226
517	2024-12-19	f	415.82	Выставлен	226
518	2025-09-17	t	158.54	Оплачен	226
519	2024-10-15	t	599.06	Оплачен	226
520	2025-01-31	t	526.93	Оплачен	226
521	2024-10-13	f	285.74	Отменён	226
522	2025-09-07	f	763.92	Выставлен	226
523	2025-07-03	f	372.32	Отменён	226
524	2025-06-07	t	263.58	Оплачен	226
525	2025-01-24	f	758.66	Возвращён	226
526	2024-12-28	f	720.16	Возвращён	226
527	2025-04-02	t	990.93	Оплачен	226
528	2025-03-01	f	1064.78	Отменён	226
529	2025-09-07	f	358.64	Отменён	226
530	2025-08-26	f	998.02	Выставлен	226
531	2025-08-22	t	145.65	Оплачен	226
532	2024-12-26	f	195.07	Выставлен	226
533	2025-05-30	t	468.60	Оплачен	226
534	2024-11-17	f	742.80	Возвращён	226
535	2025-01-14	f	625.67	Просрочен	226
536	2025-01-12	t	669.74	Оплачен	226
537	2024-11-08	t	159.87	Оплачен	226
538	2025-07-12	f	930.31	Отменён	226
539	2025-06-08	f	510.05	Отменён	226
540	2025-01-14	f	422.35	Возвращён	226
541	2025-08-27	f	1061.61	Выставлен	226
542	2024-12-19	t	246.96	Оплачен	226
543	2025-04-15	t	505.49	Оплачен	226
544	2025-09-13	f	1006.19	Выставлен	226
545	2025-09-08	f	1074.45	Просрочен	226
546	2024-12-03	t	515.37	Оплачен	226
547	2025-08-02	f	963.96	Отменён	226
548	2025-04-28	f	1022.52	Возвращён	226
549	2025-04-04	t	858.16	Оплачен	226
550	2025-03-13	t	341.83	Оплачен	226
551	2024-12-29	t	424.47	Оплачен	226
552	2024-10-25	f	615.47	Отменён	226
553	2025-08-20	t	343.72	Оплачен	226
554	2025-02-09	t	428.10	Оплачен	226
555	2025-01-14	f	312.60	Возвращён	226
556	2025-03-06	f	988.35	Отменён	226
557	2025-07-24	t	579.00	Оплачен	226
558	2024-12-25	f	563.17	Выставлен	226
559	2025-08-15	t	889.12	Оплачен	226
560	2025-02-28	t	181.59	Оплачен	226
561	2024-11-30	t	579.59	Оплачен	226
562	2025-07-01	t	240.35	Оплачен	226
563	2024-10-20	t	298.59	Оплачен	226
564	2025-04-09	f	979.38	Возвращён	226
565	2025-07-27	f	915.06	Просрочен	226
566	2025-05-09	t	436.91	Оплачен	226
567	2024-09-25	f	599.84	Выставлен	226
568	2025-06-21	f	748.48	Просрочен	226
569	2025-02-02	f	307.63	Возвращён	226
570	2025-02-18	f	747.90	Возвращён	226
571	2024-10-17	t	189.44	Оплачен	226
572	2024-11-16	t	772.03	Оплачен	226
573	2025-02-18	t	101.28	Оплачен	226
574	2025-01-06	t	988.37	Оплачен	226
575	2024-11-20	t	684.85	Оплачен	226
576	2024-12-15	f	216.91	Отменён	226
577	2025-05-19	t	1043.69	Оплачен	226
578	2025-01-22	t	211.30	Оплачен	226
579	2025-02-14	f	255.20	Возвращён	226
580	2025-06-24	f	472.52	Возвращён	226
581	2025-08-12	t	884.95	Оплачен	226
582	2024-09-27	t	593.30	Оплачен	226
583	2025-02-05	f	227.75	Выставлен	226
584	2025-03-25	f	872.85	Возвращён	226
585	2025-01-12	f	697.03	Возвращён	226
586	2025-08-25	f	146.86	Возвращён	226
587	2025-06-17	t	711.76	Оплачен	226
588	2025-02-02	f	527.18	Возвращён	226
589	2025-09-05	f	417.34	Выставлен	226
590	2024-12-14	f	397.18	Просрочен	226
591	2025-01-02	t	886.16	Оплачен	226
592	2025-08-11	t	560.37	Оплачен	226
593	2025-04-18	f	425.15	Возвращён	226
594	2025-07-13	f	276.48	Отменён	226
595	2024-10-23	t	679.33	Оплачен	226
596	2025-03-07	t	471.06	Оплачен	226
597	2025-06-21	f	727.61	Просрочен	226
598	2025-08-01	t	620.40	Оплачен	226
599	2025-02-01	f	1063.96	Выставлен	226
600	2025-03-29	f	191.31	Просрочен	226
601	2025-09-11	t	747.91	Оплачен	226
602	2025-08-13	f	872.18	Отменён	226
603	2024-12-14	f	107.24	Выставлен	226
604	2024-10-13	t	884.32	Оплачен	226
605	2025-06-30	f	415.94	Выставлен	226
606	2024-12-14	t	164.97	Оплачен	226
607	2024-10-15	t	444.66	Оплачен	226
608	2025-07-02	f	778.92	Выставлен	226
609	2025-06-08	t	469.56	Оплачен	226
610	2025-02-09	f	345.26	Отменён	226
611	2025-02-06	t	577.67	Оплачен	226
612	2025-04-22	t	597.70	Оплачен	226
613	2025-05-01	f	1053.14	Просрочен	226
614	2024-09-28	t	972.03	Оплачен	226
615	2025-08-06	t	226.84	Оплачен	226
616	2025-08-26	f	411.36	Просрочен	226
617	2024-11-12	f	729.88	Возвращён	226
618	2025-04-08	f	220.08	Просрочен	226
619	2025-05-31	f	929.52	Просрочен	226
620	2025-07-21	f	127.47	Просрочен	226
621	2025-01-16	t	729.07	Оплачен	226
622	2024-10-11	t	312.21	Оплачен	226
623	2024-10-27	t	907.82	Оплачен	226
624	2025-02-04	t	821.56	Оплачен	226
625	2025-02-18	t	572.44	Оплачен	226
626	2025-04-11	t	572.13	Оплачен	226
627	2025-01-18	f	363.65	Возвращён	226
628	2025-03-30	f	405.32	Выставлен	226
629	2024-12-29	f	787.74	Просрочен	226
630	2025-09-06	f	703.53	Выставлен	226
631	2025-07-02	f	249.58	Отменён	226
632	2025-05-18	f	973.72	Возвращён	226
633	2025-07-10	f	934.37	Отменён	226
634	2025-01-23	f	882.66	Возвращён	226
635	2025-06-27	f	911.25	Выставлен	226
636	2024-10-09	f	517.52	Отменён	226
637	2025-03-07	t	908.45	Оплачен	226
638	2024-12-25	t	1009.01	Оплачен	226
639	2025-02-27	f	372.78	Просрочен	226
640	2025-08-23	f	655.05	Возвращён	226
641	2025-05-02	t	995.30	Оплачен	226
642	2025-01-22	f	1054.94	Отменён	226
643	2025-05-18	f	133.25	Выставлен	226
644	2024-12-25	t	414.72	Оплачен	226
645	2024-10-12	f	676.33	Выставлен	226
646	2025-03-01	t	101.68	Оплачен	226
647	2025-03-28	f	712.41	Отменён	226
648	2025-01-25	t	839.35	Оплачен	226
649	2024-10-15	t	1074.22	Оплачен	226
650	2025-01-04	f	424.45	Выставлен	226
651	2025-06-14	t	801.91	Оплачен	226
652	2025-05-06	t	204.36	Оплачен	226
653	2024-12-13	f	560.91	Выставлен	226
654	2025-04-19	t	429.18	Оплачен	226
655	2025-05-11	t	202.30	Оплачен	226
656	2024-12-25	t	456.62	Оплачен	226
657	2025-08-27	t	308.77	Оплачен	226
658	2025-02-21	t	843.25	Оплачен	226
659	2024-10-25	t	748.73	Оплачен	226
660	2024-10-23	f	434.58	Возвращён	226
661	2025-02-23	t	407.66	Оплачен	226
662	2024-10-27	f	452.04	Выставлен	226
663	2025-01-12	f	391.69	Просрочен	226
664	2025-08-17	f	260.11	Просрочен	226
665	2025-06-08	t	344.12	Оплачен	226
666	2025-07-14	t	378.55	Оплачен	226
667	2025-01-10	f	446.13	Выставлен	226
668	2025-03-20	f	893.35	Просрочен	226
669	2024-11-10	f	558.68	Возвращён	226
670	2025-01-12	f	637.14	Просрочен	226
671	2025-08-18	f	322.63	Просрочен	226
672	2024-11-10	f	321.36	Просрочен	226
673	2024-10-21	t	364.89	Оплачен	226
674	2024-12-12	t	836.32	Оплачен	226
675	2025-03-14	f	256.56	Просрочен	226
676	2025-03-17	t	996.21	Оплачен	226
677	2025-07-23	f	513.47	Просрочен	226
678	2025-05-15	t	842.55	Оплачен	226
679	2024-10-13	f	918.36	Выставлен	226
680	2025-05-16	t	418.94	Оплачен	226
681	2025-04-13	f	423.08	Возвращён	226
682	2025-05-05	t	1075.70	Оплачен	226
683	2025-08-14	t	964.47	Оплачен	226
684	2025-04-03	f	689.51	Отменён	226
685	2025-04-18	t	916.11	Оплачен	226
686	2025-07-02	f	828.97	Отменён	226
687	2025-08-22	f	397.09	Просрочен	226
688	2025-08-25	t	544.66	Оплачен	226
689	2024-10-06	f	833.50	Отменён	226
690	2025-06-04	t	824.32	Оплачен	226
691	2024-10-05	t	877.12	Оплачен	226
692	2025-04-06	f	868.10	Отменён	226
693	2025-03-20	t	756.60	Оплачен	226
694	2025-01-19	f	300.81	Просрочен	226
695	2024-12-15	t	944.09	Оплачен	226
696	2025-08-03	f	498.16	Выставлен	226
697	2024-12-29	f	698.18	Возвращён	226
698	2025-07-28	f	614.30	Просрочен	226
699	2025-06-23	t	1082.38	Оплачен	226
700	2024-10-03	f	1089.12	Просрочен	226
701	2024-12-08	f	700.09	Возвращён	226
702	2025-07-30	f	405.80	Просрочен	226
703	2025-09-13	f	181.48	Отменён	226
704	2025-07-26	t	517.65	Оплачен	226
705	2024-12-29	f	1082.02	Отменён	226
706	2025-06-03	f	709.64	Выставлен	226
707	2025-01-03	t	954.88	Оплачен	226
708	2025-04-26	f	821.13	Возвращён	226
709	2025-09-17	f	693.82	Возвращён	226
710	2025-06-06	t	613.62	Оплачен	226
711	2025-02-06	f	811.71	Отменён	226
712	2025-09-07	f	524.94	Просрочен	226
713	2025-04-05	f	377.84	Возвращён	226
714	2025-05-11	t	911.58	Оплачен	226
715	2025-03-24	f	387.26	Выставлен	226
716	2025-07-16	t	907.27	Оплачен	226
717	2025-06-04	f	302.70	Выставлен	226
718	2025-01-11	t	823.90	Оплачен	226
719	2024-10-25	f	552.96	Выставлен	226
720	2024-12-02	t	662.07	Оплачен	226
721	2025-06-07	t	837.26	Оплачен	226
722	2025-01-21	f	1093.33	Отменён	226
723	2024-09-30	t	104.14	Оплачен	226
724	2025-02-23	t	222.94	Оплачен	226
725	2025-05-22	f	553.39	Возвращён	226
726	2025-03-02	t	546.29	Оплачен	226
727	2024-11-23	f	877.35	Отменён	226
728	2024-11-08	f	1070.39	Выставлен	226
729	2024-11-29	f	187.98	Возвращён	226
730	2025-03-19	t	1004.23	Оплачен	226
731	2025-04-09	t	672.37	Оплачен	226
732	2025-04-15	t	357.41	Оплачен	226
733	2025-04-21	f	626.81	Отменён	226
734	2024-11-11	f	112.07	Выставлен	226
735	2025-07-18	f	639.93	Просрочен	226
736	2025-02-09	t	604.21	Оплачен	226
737	2025-05-25	f	776.49	Возвращён	226
738	2025-02-21	t	325.98	Оплачен	226
739	2025-08-13	f	1065.59	Возвращён	226
740	2025-01-02	f	924.30	Отменён	226
741	2025-03-20	t	1082.82	Оплачен	226
742	2025-01-02	f	617.65	Отменён	226
743	2024-10-31	t	184.72	Оплачен	226
744	2025-06-25	f	520.24	Возвращён	226
745	2025-05-28	f	864.10	Отменён	226
746	2024-11-06	f	353.16	Выставлен	226
747	2025-03-16	t	671.30	Оплачен	226
748	2024-11-30	t	237.28	Оплачен	226
749	2025-08-16	t	226.47	Оплачен	226
750	2025-05-11	f	833.92	Отменён	226
751	2024-12-21	t	808.25	Оплачен	226
752	2025-05-05	f	739.87	Отменён	226
753	2025-02-28	f	183.87	Возвращён	226
754	2025-04-14	f	494.66	Отменён	226
755	2024-11-01	t	284.15	Оплачен	226
756	2025-04-17	t	401.57	Оплачен	226
757	2025-05-09	t	494.25	Оплачен	226
758	2025-07-19	f	176.90	Отменён	226
759	2025-03-04	f	206.14	Просрочен	226
760	2025-04-02	f	155.77	Возвращён	226
761	2025-03-14	t	1020.32	Оплачен	226
762	2024-12-25	f	245.10	Отменён	226
763	2025-02-20	f	146.34	Просрочен	226
764	2025-02-22	f	198.93	Отменён	226
765	2024-10-23	f	160.96	Просрочен	226
766	2025-08-03	t	874.85	Оплачен	226
767	2025-09-13	t	1009.11	Оплачен	226
768	2025-03-18	t	183.11	Оплачен	226
769	2025-04-19	f	1093.84	Возвращён	226
770	2024-11-18	f	979.29	Возвращён	226
771	2025-05-27	f	218.17	Выставлен	226
772	2024-10-23	t	797.81	Оплачен	226
773	2024-10-17	t	398.94	Оплачен	226
774	2025-07-04	f	1052.72	Отменён	226
775	2025-07-24	f	628.53	Просрочен	226
776	2025-03-21	t	488.45	Оплачен	226
777	2025-05-03	f	819.79	Выставлен	226
778	2025-07-11	f	189.38	Просрочен	226
779	2024-10-17	f	142.02	Отменён	226
780	2025-01-19	f	963.68	Возвращён	226
781	2025-05-22	f	606.64	Отменён	226
782	2025-06-03	t	1061.56	Оплачен	226
783	2024-12-03	f	378.84	Выставлен	226
784	2024-10-07	t	584.40	Оплачен	226
785	2025-01-20	f	880.03	Отменён	226
786	2025-01-11	f	760.55	Возвращён	226
787	2024-11-27	f	880.38	Просрочен	226
788	2024-11-28	f	755.01	Отменён	226
789	2024-11-22	t	645.94	Оплачен	226
790	2024-10-08	f	285.84	Выставлен	226
791	2024-10-29	f	348.89	Просрочен	226
792	2025-01-08	t	526.16	Оплачен	226
793	2024-10-31	f	567.10	Возвращён	226
794	2025-06-05	t	559.62	Оплачен	226
795	2025-01-09	t	790.39	Оплачен	226
796	2025-09-05	f	249.55	Выставлен	226
797	2025-02-16	t	213.24	Оплачен	226
798	2025-09-09	t	1018.44	Оплачен	226
799	2025-07-02	t	213.67	Оплачен	226
800	2025-02-17	f	485.04	Отменён	226
801	2025-04-21	t	498.00	Оплачен	226
802	2024-12-20	t	848.78	Оплачен	226
803	2025-01-06	t	212.64	Оплачен	226
804	2025-04-23	t	519.77	Оплачен	226
805	2025-08-14	f	693.49	Отменён	226
806	2025-08-18	t	759.30	Оплачен	226
807	2025-09-04	t	451.47	Оплачен	226
808	2025-08-26	f	1054.06	Возвращён	226
809	2024-11-27	t	350.32	Оплачен	226
810	2025-06-18	t	273.28	Оплачен	226
811	2025-02-05	f	710.86	Возвращён	226
812	2025-03-09	t	909.85	Оплачен	226
813	2025-06-06	t	1058.01	Оплачен	226
814	2025-08-26	t	631.23	Оплачен	226
815	2024-09-27	t	611.21	Оплачен	226
816	2025-07-25	f	608.77	Возвращён	226
817	2025-08-03	f	326.00	Возвращён	226
818	2025-05-04	t	1027.16	Оплачен	226
819	2025-04-17	t	316.30	Оплачен	226
820	2025-02-12	f	778.04	Просрочен	226
821	2024-09-29	f	478.55	Выставлен	226
822	2024-12-18	t	535.49	Оплачен	226
823	2025-01-16	t	310.29	Оплачен	226
824	2025-04-25	f	1008.11	Просрочен	226
825	2025-03-18	t	940.15	Оплачен	226
826	2025-09-19	f	702.65	Возвращён	226
827	2025-05-10	f	132.23	Возвращён	226
828	2025-04-10	t	247.27	Оплачен	226
829	2024-11-15	t	386.07	Оплачен	226
830	2025-05-04	t	606.91	Оплачен	226
831	2025-06-02	f	781.81	Отменён	226
832	2024-10-18	t	676.41	Оплачен	226
833	2025-01-17	f	989.40	Просрочен	226
834	2025-03-02	f	241.64	Возвращён	226
835	2025-04-24	t	314.33	Оплачен	226
836	2025-07-07	f	681.51	Возвращён	226
837	2025-01-03	f	1094.06	Отменён	226
838	2025-07-06	f	844.60	Отменён	226
839	2025-04-15	t	1024.48	Оплачен	226
840	2025-09-17	t	510.12	Оплачен	226
841	2025-01-04	t	525.35	Оплачен	226
842	2024-09-29	t	1075.86	Оплачен	226
843	2025-08-31	f	1085.26	Просрочен	226
844	2025-07-17	f	623.36	Отменён	226
845	2025-08-09	t	872.60	Оплачен	226
846	2025-02-23	t	886.50	Оплачен	226
847	2025-01-06	f	835.25	Выставлен	226
848	2025-09-03	f	806.63	Отменён	226
849	2025-04-21	t	1001.23	Оплачен	226
850	2025-02-07	f	626.68	Просрочен	226
851	2025-05-09	t	326.84	Оплачен	226
852	2025-06-15	t	753.65	Оплачен	226
853	2024-10-17	t	343.24	Оплачен	226
854	2025-06-24	t	992.17	Оплачен	226
855	2025-02-21	t	733.52	Оплачен	226
856	2025-01-13	f	289.10	Просрочен	226
857	2025-01-10	t	202.11	Оплачен	226
858	2025-03-06	f	599.25	Отменён	226
859	2024-11-18	f	115.67	Возвращён	226
860	2024-10-24	t	332.06	Оплачен	226
861	2025-08-25	f	670.98	Возвращён	226
862	2024-12-22	f	703.31	Отменён	226
863	2025-06-12	t	297.37	Оплачен	226
864	2024-12-08	f	1073.14	Возвращён	226
865	2025-04-03	t	925.41	Оплачен	226
866	2025-08-12	f	801.28	Отменён	226
867	2025-03-04	f	801.56	Просрочен	226
868	2025-04-30	t	1001.77	Оплачен	226
869	2024-10-25	t	402.94	Оплачен	226
870	2025-08-05	t	510.46	Оплачен	226
871	2025-04-04	t	1044.73	Оплачен	226
872	2025-06-27	f	686.00	Просрочен	226
873	2024-10-11	t	122.94	Оплачен	226
874	2025-05-17	t	534.48	Оплачен	226
875	2025-06-07	t	318.37	Оплачен	226
876	2024-10-30	t	256.83	Оплачен	226
877	2025-03-25	t	777.74	Оплачен	226
878	2025-09-19	t	510.82	Оплачен	226
879	2025-03-08	t	750.48	Оплачен	226
880	2024-12-27	t	260.74	Оплачен	226
881	2025-03-04	t	743.68	Оплачен	226
882	2025-04-12	f	211.53	Отменён	226
883	2024-10-21	t	833.99	Оплачен	226
884	2025-08-11	f	365.50	Отменён	226
885	2025-02-11	f	393.11	Выставлен	226
886	2025-07-10	t	167.09	Оплачен	226
887	2025-08-16	t	258.50	Оплачен	226
888	2025-02-15	f	357.38	Выставлен	226
889	2025-07-19	t	522.32	Оплачен	226
890	2024-10-03	t	273.83	Оплачен	226
891	2024-11-03	t	685.20	Оплачен	226
892	2025-01-15	t	844.76	Оплачен	226
893	2025-03-07	t	1019.43	Оплачен	226
894	2025-01-23	f	380.57	Отменён	226
895	2025-01-29	t	426.41	Оплачен	226
896	2025-06-28	f	381.71	Возвращён	226
897	2025-08-02	t	423.47	Оплачен	226
898	2025-04-01	f	814.41	Просрочен	226
899	2025-03-14	f	1085.21	Просрочен	226
900	2024-11-12	t	866.67	Оплачен	226
901	2025-01-11	t	149.82	Оплачен	226
902	2024-09-30	t	117.95	Оплачен	226
903	2025-08-23	f	860.23	Выставлен	226
904	2025-07-30	t	882.11	Оплачен	226
905	2025-01-25	t	298.57	Оплачен	226
906	2024-10-26	t	1056.99	Оплачен	226
907	2024-12-19	t	418.15	Оплачен	226
908	2024-11-20	f	443.74	Отменён	226
909	2025-04-12	f	420.06	Отменён	226
910	2025-08-19	f	567.36	Отменён	226
911	2025-04-08	f	609.98	Отменён	226
912	2025-09-02	t	197.40	Оплачен	226
913	2025-01-05	f	684.10	Отменён	226
914	2024-10-22	f	430.14	Просрочен	226
915	2025-03-12	t	285.81	Оплачен	226
916	2025-02-12	f	726.58	Просрочен	226
917	2024-09-25	t	1098.44	Оплачен	226
918	2025-01-18	f	301.93	Отменён	226
919	2025-04-17	t	488.13	Оплачен	226
920	2025-04-04	t	859.21	Оплачен	226
921	2025-09-13	f	565.40	Возвращён	226
922	2025-05-28	t	601.66	Оплачен	226
923	2024-10-10	f	705.11	Возвращён	226
924	2025-04-19	t	948.05	Оплачен	226
925	2024-09-24	t	1008.22	Оплачен	226
926	2025-06-24	f	412.40	Просрочен	226
927	2025-08-06	f	589.84	Возвращён	226
928	2025-07-04	f	133.05	Отменён	226
929	2025-08-25	t	629.07	Оплачен	226
930	2025-08-11	t	526.61	Оплачен	226
931	2025-09-13	t	692.73	Оплачен	226
932	2025-07-10	t	483.24	Оплачен	226
933	2024-10-09	t	580.86	Оплачен	226
934	2024-11-30	f	854.09	Отменён	226
935	2024-11-23	t	932.28	Оплачен	226
936	2025-06-05	t	705.36	Оплачен	226
937	2024-10-09	t	906.97	Оплачен	226
938	2025-01-30	f	898.57	Выставлен	226
939	2025-07-22	f	101.70	Выставлен	226
940	2025-04-06	f	174.90	Отменён	226
941	2024-10-22	f	1095.11	Выставлен	226
942	2025-07-27	t	478.47	Оплачен	226
943	2024-12-29	f	256.56	Выставлен	226
944	2025-05-22	t	239.44	Оплачен	226
945	2025-01-30	t	338.23	Оплачен	226
946	2024-10-31	f	1023.51	Отменён	226
947	2025-06-07	t	164.69	Оплачен	226
948	2025-07-30	t	1053.17	Оплачен	226
949	2025-04-14	f	922.22	Отменён	226
950	2025-07-06	f	683.48	Возвращён	226
951	2025-07-23	f	621.30	Возвращён	226
952	2025-07-29	t	383.03	Оплачен	226
953	2025-06-18	f	191.51	Возвращён	226
954	2025-09-14	t	272.62	Оплачен	226
955	2025-09-05	t	458.06	Оплачен	226
956	2025-01-01	f	936.80	Просрочен	226
957	2025-02-18	t	503.55	Оплачен	226
958	2024-12-04	f	644.92	Возвращён	226
959	2025-04-25	t	327.73	Оплачен	226
960	2025-09-04	t	751.26	Оплачен	226
961	2024-10-25	t	927.32	Оплачен	226
962	2024-11-09	t	812.25	Оплачен	226
963	2025-04-19	f	167.02	Возвращён	226
964	2025-09-02	t	405.23	Оплачен	226
965	2025-01-06	f	495.93	Просрочен	226
966	2025-02-04	f	536.02	Просрочен	226
967	2025-05-21	t	494.14	Оплачен	226
968	2025-05-09	f	593.31	Возвращён	226
969	2025-04-23	t	579.00	Оплачен	226
970	2025-06-08	t	774.33	Оплачен	226
971	2025-04-29	f	809.34	Выставлен	226
972	2024-11-08	t	292.72	Оплачен	226
973	2025-01-13	t	760.75	Оплачен	226
974	2024-12-04	f	361.15	Выставлен	226
975	2025-06-08	t	1094.92	Оплачен	226
976	2025-05-31	f	814.41	Выставлен	226
977	2025-07-26	f	112.56	Просрочен	226
978	2025-02-12	f	920.75	Отменён	226
979	2025-06-01	t	914.61	Оплачен	226
980	2024-10-11	f	483.53	Отменён	226
981	2025-09-19	f	576.01	Возвращён	226
982	2024-11-11	f	931.75	Отменён	226
983	2024-12-12	t	259.67	Оплачен	226
984	2024-10-11	t	821.37	Оплачен	226
985	2025-03-31	t	583.74	Оплачен	226
986	2025-07-02	t	1045.13	Оплачен	226
987	2025-09-03	f	593.54	Отменён	226
988	2024-12-22	t	271.20	Оплачен	226
989	2024-12-06	f	899.33	Возвращён	226
990	2024-12-26	t	265.93	Оплачен	226
991	2025-07-19	f	617.17	Выставлен	226
992	2024-10-31	f	694.59	Отменён	226
993	2025-06-07	f	655.55	Отменён	226
994	2024-12-15	f	748.55	Выставлен	226
995	2025-04-04	f	784.61	Возвращён	226
996	2024-11-16	f	116.29	Выставлен	226
997	2024-12-31	t	794.54	Оплачен	226
998	2025-05-01	t	1089.64	Оплачен	226
999	2025-08-19	t	127.28	Оплачен	226
1000	2025-07-05	t	139.28	Оплачен	226
1001	2025-10-19	t	25000.00	Оплачен	1
\.


--
-- Data for Name: client; Type: TABLE DATA; Schema: public; Owner: postgres
--

COPY public.client (id, passport_number, mobile_number, status, fio) FROM stdin;
1	P000001	+79000000001	Заблокирован	Клиент 1
2	P000002	+79000000002	Активен	Клиент 2
3	P000003	+79000000003	Заблокирован	Клиент 3
4	P000004	+79000000004	Заблокирован	Клиент 4
5	P000005	+79000000005	Не активен	Клиент 5
6	P000006	+79000000006	Заблокирован	Клиент 6
7	P000007	+79000000007	Не активен	Клиент 7
8	P000008	+79000000008	Заблокирован	Клиент 8
9	P000009	+79000000009	Не активен	Клиент 9
10	P000010	+79000000010	Активен	Клиент 10
11	P000011	+79000000011	Заблокирован	Клиент 11
12	P000012	+79000000012	Не активен	Клиент 12
13	P000013	+79000000013	Не активен	Клиент 13
14	P000014	+79000000014	Заблокирован	Клиент 14
15	P000015	+79000000015	Активен	Клиент 15
16	P000016	+79000000016	Активен	Клиент 16
17	P000017	+79000000017	Активен	Клиент 17
18	P000018	+79000000018	Заблокирован	Клиент 18
19	P000019	+79000000019	Активен	Клиент 19
20	P000020	+79000000020	Заблокирован	Клиент 20
21	P000021	+79000000021	Не активен	Клиент 21
22	P000022	+79000000022	Активен	Клиент 22
23	P000023	+79000000023	Не активен	Клиент 23
24	P000024	+79000000024	Не активен	Клиент 24
25	P000025	+79000000025	Заблокирован	Клиент 25
26	P000026	+79000000026	Активен	Клиент 26
27	P000027	+79000000027	Не активен	Клиент 27
28	P000028	+79000000028	Не активен	Клиент 28
29	P000029	+79000000029	Активен	Клиент 29
30	P000030	+79000000030	Не активен	Клиент 30
31	P000031	+79000000031	Не активен	Клиент 31
32	P000032	+79000000032	Не активен	Клиент 32
33	P000033	+79000000033	Не активен	Клиент 33
34	P000034	+79000000034	Активен	Клиент 34
35	P000035	+79000000035	Не активен	Клиент 35
36	P000036	+79000000036	Не активен	Клиент 36
37	P000037	+79000000037	Не активен	Клиент 37
38	P000038	+79000000038	Не активен	Клиент 38
39	P000039	+79000000039	Активен	Клиент 39
40	P000040	+79000000040	Не активен	Клиент 40
41	P000041	+79000000041	Не активен	Клиент 41
42	P000042	+79000000042	Не активен	Клиент 42
43	P000043	+79000000043	Не активен	Клиент 43
44	P000044	+79000000044	Не активен	Клиент 44
45	P000045	+79000000045	Заблокирован	Клиент 45
46	P000046	+79000000046	Заблокирован	Клиент 46
47	P000047	+79000000047	Активен	Клиент 47
48	P000048	+79000000048	Не активен	Клиент 48
49	P000049	+79000000049	Активен	Клиент 49
50	P000050	+79000000050	Не активен	Клиент 50
51	P000051	+79000000051	Заблокирован	Клиент 51
52	P000052	+79000000052	Не активен	Клиент 52
53	P000053	+79000000053	Активен	Клиент 53
54	P000054	+79000000054	Не активен	Клиент 54
55	P000055	+79000000055	Активен	Клиент 55
56	P000056	+79000000056	Активен	Клиент 56
57	P000057	+79000000057	Активен	Клиент 57
58	P000058	+79000000058	Активен	Клиент 58
59	P000059	+79000000059	Не активен	Клиент 59
60	P000060	+79000000060	Не активен	Клиент 60
61	P000061	+79000000061	Не активен	Клиент 61
62	P000062	+79000000062	Не активен	Клиент 62
63	P000063	+79000000063	Активен	Клиент 63
64	P000064	+79000000064	Заблокирован	Клиент 64
65	P000065	+79000000065	Активен	Клиент 65
66	P000066	+79000000066	Заблокирован	Клиент 66
67	P000067	+79000000067	Заблокирован	Клиент 67
68	P000068	+79000000068	Активен	Клиент 68
69	P000069	+79000000069	Не активен	Клиент 69
70	P000070	+79000000070	Активен	Клиент 70
71	P000071	+79000000071	Не активен	Клиент 71
72	P000072	+79000000072	Активен	Клиент 72
73	P000073	+79000000073	Не активен	Клиент 73
74	P000074	+79000000074	Активен	Клиент 74
75	P000075	+79000000075	Не активен	Клиент 75
76	P000076	+79000000076	Не активен	Клиент 76
77	P000077	+79000000077	Заблокирован	Клиент 77
78	P000078	+79000000078	Не активен	Клиент 78
79	P000079	+79000000079	Активен	Клиент 79
80	P000080	+79000000080	Активен	Клиент 80
81	P000081	+79000000081	Активен	Клиент 81
82	P000082	+79000000082	Заблокирован	Клиент 82
83	P000083	+79000000083	Активен	Клиент 83
84	P000084	+79000000084	Активен	Клиент 84
85	P000085	+79000000085	Заблокирован	Клиент 85
86	P000086	+79000000086	Заблокирован	Клиент 86
87	P000087	+79000000087	Заблокирован	Клиент 87
88	P000088	+79000000088	Заблокирован	Клиент 88
89	P000089	+79000000089	Заблокирован	Клиент 89
90	P000090	+79000000090	Заблокирован	Клиент 90
91	P000091	+79000000091	Активен	Клиент 91
92	P000092	+79000000092	Не активен	Клиент 92
93	P000093	+79000000093	Заблокирован	Клиент 93
94	P000094	+79000000094	Не активен	Клиент 94
95	P000095	+79000000095	Активен	Клиент 95
96	P000096	+79000000096	Не активен	Клиент 96
97	P000097	+79000000097	Не активен	Клиент 97
98	P000098	+79000000098	Активен	Клиент 98
99	P000099	+79000000099	Не активен	Клиент 99
100	P000100	+79000000100	Заблокирован	Клиент 100
101	P000101	+79000000101	Не активен	Клиент 101
102	P000102	+79000000102	Заблокирован	Клиент 102
103	P000103	+79000000103	Активен	Клиент 103
104	P000104	+79000000104	Активен	Клиент 104
105	P000105	+79000000105	Активен	Клиент 105
106	P000106	+79000000106	Не активен	Клиент 106
107	P000107	+79000000107	Активен	Клиент 107
108	P000108	+79000000108	Не активен	Клиент 108
109	P000109	+79000000109	Активен	Клиент 109
110	P000110	+79000000110	Активен	Клиент 110
111	P000111	+79000000111	Заблокирован	Клиент 111
112	P000112	+79000000112	Не активен	Клиент 112
113	P000113	+79000000113	Заблокирован	Клиент 113
114	P000114	+79000000114	Активен	Клиент 114
115	P000115	+79000000115	Не активен	Клиент 115
116	P000116	+79000000116	Активен	Клиент 116
117	P000117	+79000000117	Активен	Клиент 117
118	P000118	+79000000118	Заблокирован	Клиент 118
119	P000119	+79000000119	Не активен	Клиент 119
120	P000120	+79000000120	Заблокирован	Клиент 120
121	P000121	+79000000121	Не активен	Клиент 121
122	P000122	+79000000122	Не активен	Клиент 122
123	P000123	+79000000123	Не активен	Клиент 123
124	P000124	+79000000124	Заблокирован	Клиент 124
125	P000125	+79000000125	Заблокирован	Клиент 125
126	P000126	+79000000126	Активен	Клиент 126
127	P000127	+79000000127	Заблокирован	Клиент 127
128	P000128	+79000000128	Активен	Клиент 128
129	P000129	+79000000129	Не активен	Клиент 129
130	P000130	+79000000130	Заблокирован	Клиент 130
131	P000131	+79000000131	Не активен	Клиент 131
132	P000132	+79000000132	Заблокирован	Клиент 132
133	P000133	+79000000133	Заблокирован	Клиент 133
134	P000134	+79000000134	Не активен	Клиент 134
135	P000135	+79000000135	Не активен	Клиент 135
136	P000136	+79000000136	Активен	Клиент 136
137	P000137	+79000000137	Заблокирован	Клиент 137
138	P000138	+79000000138	Заблокирован	Клиент 138
139	P000139	+79000000139	Не активен	Клиент 139
140	P000140	+79000000140	Не активен	Клиент 140
141	P000141	+79000000141	Активен	Клиент 141
142	P000142	+79000000142	Не активен	Клиент 142
143	P000143	+79000000143	Не активен	Клиент 143
144	P000144	+79000000144	Заблокирован	Клиент 144
145	P000145	+79000000145	Активен	Клиент 145
146	P000146	+79000000146	Заблокирован	Клиент 146
147	P000147	+79000000147	Не активен	Клиент 147
148	P000148	+79000000148	Не активен	Клиент 148
149	P000149	+79000000149	Заблокирован	Клиент 149
150	P000150	+79000000150	Заблокирован	Клиент 150
151	P000151	+79000000151	Не активен	Клиент 151
152	P000152	+79000000152	Не активен	Клиент 152
153	P000153	+79000000153	Активен	Клиент 153
154	P000154	+79000000154	Заблокирован	Клиент 154
155	P000155	+79000000155	Не активен	Клиент 155
156	P000156	+79000000156	Не активен	Клиент 156
157	P000157	+79000000157	Заблокирован	Клиент 157
158	P000158	+79000000158	Не активен	Клиент 158
159	P000159	+79000000159	Не активен	Клиент 159
160	P000160	+79000000160	Активен	Клиент 160
161	P000161	+79000000161	Активен	Клиент 161
162	P000162	+79000000162	Заблокирован	Клиент 162
163	P000163	+79000000163	Не активен	Клиент 163
164	P000164	+79000000164	Активен	Клиент 164
165	P000165	+79000000165	Активен	Клиент 165
166	P000166	+79000000166	Активен	Клиент 166
167	P000167	+79000000167	Не активен	Клиент 167
168	P000168	+79000000168	Активен	Клиент 168
169	P000169	+79000000169	Заблокирован	Клиент 169
170	P000170	+79000000170	Не активен	Клиент 170
171	P000171	+79000000171	Не активен	Клиент 171
172	P000172	+79000000172	Заблокирован	Клиент 172
173	P000173	+79000000173	Заблокирован	Клиент 173
174	P000174	+79000000174	Активен	Клиент 174
175	P000175	+79000000175	Заблокирован	Клиент 175
176	P000176	+79000000176	Заблокирован	Клиент 176
177	P000177	+79000000177	Не активен	Клиент 177
178	P000178	+79000000178	Не активен	Клиент 178
179	P000179	+79000000179	Активен	Клиент 179
180	P000180	+79000000180	Не активен	Клиент 180
181	P000181	+79000000181	Заблокирован	Клиент 181
182	P000182	+79000000182	Активен	Клиент 182
183	P000183	+79000000183	Не активен	Клиент 183
184	P000184	+79000000184	Заблокирован	Клиент 184
185	P000185	+79000000185	Активен	Клиент 185
186	P000186	+79000000186	Не активен	Клиент 186
187	P000187	+79000000187	Активен	Клиент 187
188	P000188	+79000000188	Активен	Клиент 188
189	P000189	+79000000189	Активен	Клиент 189
190	P000190	+79000000190	Не активен	Клиент 190
191	P000191	+79000000191	Заблокирован	Клиент 191
192	P000192	+79000000192	Заблокирован	Клиент 192
193	P000193	+79000000193	Не активен	Клиент 193
194	P000194	+79000000194	Не активен	Клиент 194
195	P000195	+79000000195	Активен	Клиент 195
196	P000196	+79000000196	Не активен	Клиент 196
197	P000197	+79000000197	Не активен	Клиент 197
198	P000198	+79000000198	Активен	Клиент 198
199	P000199	+79000000199	Активен	Клиент 199
200	P000200	+79000000200	Не активен	Клиент 200
201	P000201	+79000000201	Активен	Клиент 201
202	P000202	+79000000202	Активен	Клиент 202
203	P000203	+79000000203	Активен	Клиент 203
204	P000204	+79000000204	Активен	Клиент 204
205	P000205	+79000000205	Заблокирован	Клиент 205
206	P000206	+79000000206	Не активен	Клиент 206
207	P000207	+79000000207	Заблокирован	Клиент 207
208	P000208	+79000000208	Активен	Клиент 208
209	P000209	+79000000209	Активен	Клиент 209
210	P000210	+79000000210	Не активен	Клиент 210
211	P000211	+79000000211	Не активен	Клиент 211
212	P000212	+79000000212	Активен	Клиент 212
213	P000213	+79000000213	Не активен	Клиент 213
214	P000214	+79000000214	Заблокирован	Клиент 214
215	P000215	+79000000215	Активен	Клиент 215
216	P000216	+79000000216	Активен	Клиент 216
217	P000217	+79000000217	Активен	Клиент 217
218	P000218	+79000000218	Не активен	Клиент 218
219	P000219	+79000000219	Не активен	Клиент 219
220	P000220	+79000000220	Не активен	Клиент 220
221	P000221	+79000000221	Заблокирован	Клиент 221
222	P000222	+79000000222	Не активен	Клиент 222
223	P000223	+79000000223	Не активен	Клиент 223
224	P000224	+79000000224	Не активен	Клиент 224
225	P000225	+79000000225	Заблокирован	Клиент 225
226	P000226	+79000000226	Не активен	Клиент 226
227	P000227	+79000000227	Активен	Клиент 227
228	P000228	+79000000228	Не активен	Клиент 228
229	P000229	+79000000229	Заблокирован	Клиент 229
230	P000230	+79000000230	Заблокирован	Клиент 230
231	P000231	+79000000231	Не активен	Клиент 231
232	P000232	+79000000232	Не активен	Клиент 232
233	P000233	+79000000233	Активен	Клиент 233
234	P000234	+79000000234	Не активен	Клиент 234
235	P000235	+79000000235	Активен	Клиент 235
236	P000236	+79000000236	Не активен	Клиент 236
237	P000237	+79000000237	Заблокирован	Клиент 237
238	P000238	+79000000238	Активен	Клиент 238
239	P000239	+79000000239	Активен	Клиент 239
240	P000240	+79000000240	Активен	Клиент 240
241	P000241	+79000000241	Активен	Клиент 241
242	P000242	+79000000242	Активен	Клиент 242
243	P000243	+79000000243	Заблокирован	Клиент 243
244	P000244	+79000000244	Не активен	Клиент 244
245	P000245	+79000000245	Заблокирован	Клиент 245
246	P000246	+79000000246	Не активен	Клиент 246
247	P000247	+79000000247	Заблокирован	Клиент 247
248	P000248	+79000000248	Активен	Клиент 248
249	P000249	+79000000249	Не активен	Клиент 249
250	P000250	+79000000250	Не активен	Клиент 250
251	P000251	+79000000251	Активен	Клиент 251
252	P000252	+79000000252	Заблокирован	Клиент 252
253	P000253	+79000000253	Заблокирован	Клиент 253
254	P000254	+79000000254	Не активен	Клиент 254
255	P000255	+79000000255	Не активен	Клиент 255
256	P000256	+79000000256	Активен	Клиент 256
257	P000257	+79000000257	Заблокирован	Клиент 257
258	P000258	+79000000258	Активен	Клиент 258
259	P000259	+79000000259	Не активен	Клиент 259
260	P000260	+79000000260	Активен	Клиент 260
261	P000261	+79000000261	Не активен	Клиент 261
262	P000262	+79000000262	Активен	Клиент 262
263	P000263	+79000000263	Не активен	Клиент 263
264	P000264	+79000000264	Не активен	Клиент 264
265	P000265	+79000000265	Не активен	Клиент 265
266	P000266	+79000000266	Заблокирован	Клиент 266
267	P000267	+79000000267	Не активен	Клиент 267
268	P000268	+79000000268	Заблокирован	Клиент 268
269	P000269	+79000000269	Не активен	Клиент 269
270	P000270	+79000000270	Заблокирован	Клиент 270
271	P000271	+79000000271	Заблокирован	Клиент 271
272	P000272	+79000000272	Не активен	Клиент 272
273	P000273	+79000000273	Заблокирован	Клиент 273
274	P000274	+79000000274	Заблокирован	Клиент 274
275	P000275	+79000000275	Активен	Клиент 275
276	P000276	+79000000276	Не активен	Клиент 276
277	P000277	+79000000277	Заблокирован	Клиент 277
278	P000278	+79000000278	Не активен	Клиент 278
279	P000279	+79000000279	Активен	Клиент 279
280	P000280	+79000000280	Активен	Клиент 280
281	P000281	+79000000281	Заблокирован	Клиент 281
282	P000282	+79000000282	Не активен	Клиент 282
283	P000283	+79000000283	Активен	Клиент 283
284	P000284	+79000000284	Активен	Клиент 284
285	P000285	+79000000285	Активен	Клиент 285
286	P000286	+79000000286	Заблокирован	Клиент 286
287	P000287	+79000000287	Не активен	Клиент 287
288	P000288	+79000000288	Активен	Клиент 288
289	P000289	+79000000289	Заблокирован	Клиент 289
290	P000290	+79000000290	Заблокирован	Клиент 290
291	P000291	+79000000291	Не активен	Клиент 291
292	P000292	+79000000292	Заблокирован	Клиент 292
293	P000293	+79000000293	Не активен	Клиент 293
294	P000294	+79000000294	Не активен	Клиент 294
295	P000295	+79000000295	Не активен	Клиент 295
296	P000296	+79000000296	Не активен	Клиент 296
297	P000297	+79000000297	Заблокирован	Клиент 297
298	P000298	+79000000298	Заблокирован	Клиент 298
299	P000299	+79000000299	Не активен	Клиент 299
300	P000300	+79000000300	Заблокирован	Клиент 300
301	P000301	+79000000301	Заблокирован	Клиент 301
302	P000302	+79000000302	Активен	Клиент 302
303	P000303	+79000000303	Активен	Клиент 303
304	P000304	+79000000304	Заблокирован	Клиент 304
305	P000305	+79000000305	Активен	Клиент 305
306	P000306	+79000000306	Не активен	Клиент 306
307	P000307	+79000000307	Активен	Клиент 307
308	P000308	+79000000308	Активен	Клиент 308
309	P000309	+79000000309	Заблокирован	Клиент 309
310	P000310	+79000000310	Заблокирован	Клиент 310
311	P000311	+79000000311	Не активен	Клиент 311
312	P000312	+79000000312	Активен	Клиент 312
313	P000313	+79000000313	Активен	Клиент 313
314	P000314	+79000000314	Активен	Клиент 314
315	P000315	+79000000315	Не активен	Клиент 315
316	P000316	+79000000316	Заблокирован	Клиент 316
317	P000317	+79000000317	Не активен	Клиент 317
318	P000318	+79000000318	Заблокирован	Клиент 318
319	P000319	+79000000319	Активен	Клиент 319
320	P000320	+79000000320	Не активен	Клиент 320
321	P000321	+79000000321	Не активен	Клиент 321
322	P000322	+79000000322	Не активен	Клиент 322
323	P000323	+79000000323	Заблокирован	Клиент 323
324	P000324	+79000000324	Активен	Клиент 324
325	P000325	+79000000325	Заблокирован	Клиент 325
326	P000326	+79000000326	Заблокирован	Клиент 326
327	P000327	+79000000327	Активен	Клиент 327
328	P000328	+79000000328	Заблокирован	Клиент 328
329	P000329	+79000000329	Активен	Клиент 329
330	P000330	+79000000330	Активен	Клиент 330
331	P000331	+79000000331	Заблокирован	Клиент 331
332	P000332	+79000000332	Активен	Клиент 332
333	P000333	+79000000333	Не активен	Клиент 333
334	P000334	+79000000334	Активен	Клиент 334
335	P000335	+79000000335	Не активен	Клиент 335
336	P000336	+79000000336	Не активен	Клиент 336
337	P000337	+79000000337	Заблокирован	Клиент 337
338	P000338	+79000000338	Не активен	Клиент 338
339	P000339	+79000000339	Не активен	Клиент 339
340	P000340	+79000000340	Активен	Клиент 340
341	P000341	+79000000341	Заблокирован	Клиент 341
342	P000342	+79000000342	Активен	Клиент 342
343	P000343	+79000000343	Не активен	Клиент 343
344	P000344	+79000000344	Заблокирован	Клиент 344
345	P000345	+79000000345	Не активен	Клиент 345
346	P000346	+79000000346	Заблокирован	Клиент 346
347	P000347	+79000000347	Заблокирован	Клиент 347
348	P000348	+79000000348	Не активен	Клиент 348
349	P000349	+79000000349	Заблокирован	Клиент 349
350	P000350	+79000000350	Активен	Клиент 350
351	P000351	+79000000351	Не активен	Клиент 351
352	P000352	+79000000352	Активен	Клиент 352
353	P000353	+79000000353	Не активен	Клиент 353
354	P000354	+79000000354	Активен	Клиент 354
355	P000355	+79000000355	Заблокирован	Клиент 355
356	P000356	+79000000356	Заблокирован	Клиент 356
357	P000357	+79000000357	Заблокирован	Клиент 357
358	P000358	+79000000358	Не активен	Клиент 358
359	P000359	+79000000359	Не активен	Клиент 359
360	P000360	+79000000360	Активен	Клиент 360
361	P000361	+79000000361	Активен	Клиент 361
362	P000362	+79000000362	Активен	Клиент 362
363	P000363	+79000000363	Не активен	Клиент 363
364	P000364	+79000000364	Не активен	Клиент 364
365	P000365	+79000000365	Не активен	Клиент 365
366	P000366	+79000000366	Заблокирован	Клиент 366
367	P000367	+79000000367	Активен	Клиент 367
368	P000368	+79000000368	Заблокирован	Клиент 368
369	P000369	+79000000369	Заблокирован	Клиент 369
370	P000370	+79000000370	Активен	Клиент 370
371	P000371	+79000000371	Активен	Клиент 371
372	P000372	+79000000372	Не активен	Клиент 372
373	P000373	+79000000373	Активен	Клиент 373
374	P000374	+79000000374	Заблокирован	Клиент 374
375	P000375	+79000000375	Не активен	Клиент 375
376	P000376	+79000000376	Не активен	Клиент 376
377	P000377	+79000000377	Заблокирован	Клиент 377
378	P000378	+79000000378	Не активен	Клиент 378
379	P000379	+79000000379	Не активен	Клиент 379
380	P000380	+79000000380	Не активен	Клиент 380
381	P000381	+79000000381	Активен	Клиент 381
382	P000382	+79000000382	Не активен	Клиент 382
383	P000383	+79000000383	Активен	Клиент 383
384	P000384	+79000000384	Заблокирован	Клиент 384
385	P000385	+79000000385	Заблокирован	Клиент 385
386	P000386	+79000000386	Не активен	Клиент 386
387	P000387	+79000000387	Не активен	Клиент 387
388	P000388	+79000000388	Не активен	Клиент 388
389	P000389	+79000000389	Не активен	Клиент 389
390	P000390	+79000000390	Не активен	Клиент 390
391	P000391	+79000000391	Заблокирован	Клиент 391
392	P000392	+79000000392	Не активен	Клиент 392
393	P000393	+79000000393	Заблокирован	Клиент 393
394	P000394	+79000000394	Активен	Клиент 394
395	P000395	+79000000395	Заблокирован	Клиент 395
396	P000396	+79000000396	Не активен	Клиент 396
397	P000397	+79000000397	Активен	Клиент 397
398	P000398	+79000000398	Активен	Клиент 398
399	P000399	+79000000399	Активен	Клиент 399
400	P000400	+79000000400	Активен	Клиент 400
401	P000401	+79000000401	Активен	Клиент 401
402	P000402	+79000000402	Не активен	Клиент 402
403	P000403	+79000000403	Не активен	Клиент 403
404	P000404	+79000000404	Активен	Клиент 404
405	P000405	+79000000405	Заблокирован	Клиент 405
406	P000406	+79000000406	Заблокирован	Клиент 406
407	P000407	+79000000407	Активен	Клиент 407
408	P000408	+79000000408	Не активен	Клиент 408
409	P000409	+79000000409	Заблокирован	Клиент 409
410	P000410	+79000000410	Активен	Клиент 410
411	P000411	+79000000411	Активен	Клиент 411
412	P000412	+79000000412	Не активен	Клиент 412
413	P000413	+79000000413	Не активен	Клиент 413
414	P000414	+79000000414	Заблокирован	Клиент 414
415	P000415	+79000000415	Не активен	Клиент 415
416	P000416	+79000000416	Активен	Клиент 416
417	P000417	+79000000417	Не активен	Клиент 417
418	P000418	+79000000418	Не активен	Клиент 418
419	P000419	+79000000419	Не активен	Клиент 419
420	P000420	+79000000420	Заблокирован	Клиент 420
421	P000421	+79000000421	Активен	Клиент 421
422	P000422	+79000000422	Не активен	Клиент 422
423	P000423	+79000000423	Активен	Клиент 423
424	P000424	+79000000424	Не активен	Клиент 424
425	P000425	+79000000425	Заблокирован	Клиент 425
426	P000426	+79000000426	Активен	Клиент 426
427	P000427	+79000000427	Активен	Клиент 427
428	P000428	+79000000428	Заблокирован	Клиент 428
429	P000429	+79000000429	Не активен	Клиент 429
430	P000430	+79000000430	Активен	Клиент 430
431	P000431	+79000000431	Заблокирован	Клиент 431
432	P000432	+79000000432	Активен	Клиент 432
433	P000433	+79000000433	Заблокирован	Клиент 433
434	P000434	+79000000434	Активен	Клиент 434
435	P000435	+79000000435	Не активен	Клиент 435
436	P000436	+79000000436	Не активен	Клиент 436
437	P000437	+79000000437	Заблокирован	Клиент 437
438	P000438	+79000000438	Активен	Клиент 438
439	P000439	+79000000439	Активен	Клиент 439
440	P000440	+79000000440	Не активен	Клиент 440
441	P000441	+79000000441	Не активен	Клиент 441
442	P000442	+79000000442	Заблокирован	Клиент 442
443	P000443	+79000000443	Заблокирован	Клиент 443
444	P000444	+79000000444	Активен	Клиент 444
445	P000445	+79000000445	Не активен	Клиент 445
446	P000446	+79000000446	Активен	Клиент 446
447	P000447	+79000000447	Не активен	Клиент 447
448	P000448	+79000000448	Не активен	Клиент 448
449	P000449	+79000000449	Не активен	Клиент 449
450	P000450	+79000000450	Не активен	Клиент 450
451	P000451	+79000000451	Не активен	Клиент 451
452	P000452	+79000000452	Не активен	Клиент 452
453	P000453	+79000000453	Заблокирован	Клиент 453
454	P000454	+79000000454	Активен	Клиент 454
455	P000455	+79000000455	Заблокирован	Клиент 455
456	P000456	+79000000456	Заблокирован	Клиент 456
457	P000457	+79000000457	Не активен	Клиент 457
458	P000458	+79000000458	Заблокирован	Клиент 458
459	P000459	+79000000459	Активен	Клиент 459
460	P000460	+79000000460	Активен	Клиент 460
461	P000461	+79000000461	Не активен	Клиент 461
462	P000462	+79000000462	Активен	Клиент 462
463	P000463	+79000000463	Не активен	Клиент 463
464	P000464	+79000000464	Активен	Клиент 464
465	P000465	+79000000465	Не активен	Клиент 465
466	P000466	+79000000466	Заблокирован	Клиент 466
467	P000467	+79000000467	Не активен	Клиент 467
468	P000468	+79000000468	Не активен	Клиент 468
469	P000469	+79000000469	Заблокирован	Клиент 469
470	P000470	+79000000470	Не активен	Клиент 470
471	P000471	+79000000471	Заблокирован	Клиент 471
472	P000472	+79000000472	Заблокирован	Клиент 472
473	P000473	+79000000473	Не активен	Клиент 473
474	P000474	+79000000474	Активен	Клиент 474
475	P000475	+79000000475	Не активен	Клиент 475
476	P000476	+79000000476	Не активен	Клиент 476
477	P000477	+79000000477	Активен	Клиент 477
478	P000478	+79000000478	Заблокирован	Клиент 478
479	P000479	+79000000479	Не активен	Клиент 479
480	P000480	+79000000480	Заблокирован	Клиент 480
481	P000481	+79000000481	Не активен	Клиент 481
482	P000482	+79000000482	Не активен	Клиент 482
483	P000483	+79000000483	Не активен	Клиент 483
484	P000484	+79000000484	Не активен	Клиент 484
485	P000485	+79000000485	Не активен	Клиент 485
486	P000486	+79000000486	Заблокирован	Клиент 486
487	P000487	+79000000487	Не активен	Клиент 487
488	P000488	+79000000488	Активен	Клиент 488
489	P000489	+79000000489	Не активен	Клиент 489
490	P000490	+79000000490	Активен	Клиент 490
491	P000491	+79000000491	Не активен	Клиент 491
492	P000492	+79000000492	Активен	Клиент 492
493	P000493	+79000000493	Не активен	Клиент 493
494	P000494	+79000000494	Не активен	Клиент 494
495	P000495	+79000000495	Заблокирован	Клиент 495
496	P000496	+79000000496	Заблокирован	Клиент 496
497	P000497	+79000000497	Заблокирован	Клиент 497
498	P000498	+79000000498	Активен	Клиент 498
499	P000499	+79000000499	Не активен	Клиент 499
500	P000500	+79000000500	Не активен	Клиент 500
504	P21212	+79340000201	Активен	Сергей Сергеич Маслеников
\.


--
-- Data for Name: contract; Type: TABLE DATA; Schema: public; Owner: postgres
--

COPY public.contract (id, concluded, expire, prepayment, status, tariff_plan_id, client_id, employee_id) FROM stdin;
2	2025-04-26	2025-06-09	4655.60	Завершен	18	245	76
3	2024-11-22	2025-07-20	2292.28	Завершен	18	245	76
4	2025-08-17	2026-07-22	2547.09	Расторгнут	18	245	76
5	2025-09-04	2026-07-19	4378.34	Завершен	18	245	76
6	2025-09-10	2026-06-15	4454.56	Активен	18	245	76
7	2025-06-06	2025-11-09	3473.23	Завершен	18	245	76
8	2024-11-23	2025-08-08	3010.92	Расторгнут	18	245	76
9	2025-01-28	2025-09-20	4920.88	Активен	18	245	76
10	2025-07-16	2026-03-11	1043.77	Завершен	18	245	76
11	2025-08-03	2025-11-25	4251.09	Расторгнут	18	245	76
12	2025-03-21	2025-06-19	1859.74	Расторгнут	18	245	76
13	2025-06-25	2026-06-04	3442.10	Активен	18	245	76
14	2025-08-30	2025-11-27	1662.48	Завершен	18	245	76
15	2025-09-10	2026-05-09	2416.77	Активен	18	245	76
16	2024-12-12	2025-07-15	248.68	Расторгнут	18	245	76
17	2025-05-25	2026-02-07	2055.14	Завершен	18	245	76
18	2024-11-13	2025-06-22	999.36	Активен	18	245	76
19	2025-03-29	2026-03-09	549.00	Завершен	18	245	76
20	2024-11-16	2025-07-01	2821.82	Активен	18	245	76
21	2025-05-23	2025-12-01	2177.52	Активен	18	245	76
22	2025-07-19	2026-03-05	4706.78	Завершен	18	245	76
23	2024-10-31	2025-08-14	538.82	Завершен	18	245	76
24	2025-06-14	2025-12-30	2403.02	Активен	18	245	76
25	2024-11-18	2025-07-21	908.89	Завершен	18	245	76
26	2025-04-28	2025-05-05	2560.56	Активен	18	245	76
27	2025-04-06	2025-12-02	3572.63	Завершен	18	245	76
28	2025-04-13	2026-02-07	484.48	Расторгнут	18	245	76
29	2025-07-19	2026-01-01	2734.14	Завершен	18	245	76
30	2025-07-19	2025-12-10	3700.78	Активен	18	245	76
31	2025-03-05	2025-05-07	3474.33	Расторгнут	18	245	76
32	2024-12-06	2025-02-14	2153.28	Активен	18	245	76
33	2025-02-09	2025-12-20	1169.29	Активен	18	245	76
34	2024-11-04	2025-01-30	2280.39	Завершен	18	245	76
35	2025-01-08	2025-12-26	383.47	Расторгнут	18	245	76
36	2024-12-14	2025-07-09	3759.26	Расторгнут	18	245	76
37	2025-07-25	2025-10-09	2967.32	Завершен	18	245	76
38	2025-07-17	2025-10-25	4708.08	Активен	18	245	76
39	2025-08-23	2026-02-27	3634.45	Завершен	18	245	76
40	2025-02-02	2025-10-25	1066.52	Расторгнут	18	245	76
41	2025-05-14	2025-06-08	1826.74	Завершен	18	245	76
42	2024-12-03	2025-01-04	1408.14	Расторгнут	18	245	76
43	2025-03-07	2025-05-04	3373.77	Расторгнут	18	245	76
44	2024-10-12	2025-09-14	227.55	Активен	18	245	76
45	2024-10-29	2025-07-15	4931.71	Активен	18	245	76
46	2024-12-06	2025-08-17	1342.96	Завершен	18	245	76
47	2024-09-28	2025-06-08	2610.06	Завершен	18	245	76
48	2025-04-19	2026-02-22	4243.98	Расторгнут	18	245	76
49	2025-04-12	2025-08-10	3711.30	Активен	18	245	76
50	2025-09-05	2026-08-11	3937.29	Завершен	18	245	76
51	2025-01-09	2025-09-09	793.76	Завершен	18	245	76
52	2025-08-08	2025-11-28	891.48	Расторгнут	18	245	76
53	2024-11-03	2025-07-23	4011.09	Расторгнут	18	245	76
54	2025-07-08	2025-07-28	2282.05	Активен	18	245	76
55	2025-01-20	2025-10-11	736.75	Завершен	18	245	76
56	2025-05-18	2026-03-19	3731.98	Активен	18	245	76
57	2025-02-02	2025-05-09	1686.03	Активен	18	245	76
58	2025-07-12	2026-02-03	3401.15	Активен	18	245	76
59	2025-08-05	2025-08-15	880.73	Завершен	18	245	76
60	2025-07-18	2026-02-15	1889.63	Завершен	18	245	76
61	2025-05-11	2026-05-04	850.56	Активен	18	245	76
62	2025-06-09	2026-02-09	3214.10	Завершен	18	245	76
63	2025-09-08	2026-04-27	2809.38	Активен	18	245	76
64	2025-05-05	2025-12-04	2662.62	Расторгнут	18	245	76
65	2025-04-13	2025-08-20	794.81	Активен	18	245	76
66	2025-03-27	2025-09-16	2050.31	Активен	18	245	76
67	2025-05-06	2025-08-03	2654.92	Расторгнут	18	245	76
68	2024-11-28	2025-02-28	3537.54	Активен	18	245	76
69	2025-06-27	2025-10-23	98.91	Активен	18	245	76
70	2024-12-31	2025-02-04	1888.44	Расторгнут	18	245	76
71	2025-08-23	2026-08-08	2934.32	Расторгнут	18	245	76
72	2024-11-20	2025-06-06	3455.17	Расторгнут	18	245	76
73	2025-01-30	2025-03-18	4794.36	Расторгнут	18	245	76
74	2024-11-04	2025-03-24	1904.82	Активен	18	245	76
75	2025-06-13	2025-08-30	4078.35	Активен	18	245	76
76	2025-05-22	2026-03-27	3690.43	Расторгнут	18	245	76
77	2025-05-17	2025-08-07	2740.52	Завершен	18	245	76
78	2025-04-13	2026-01-11	383.66	Завершен	18	245	76
79	2025-02-09	2025-05-01	2399.48	Расторгнут	18	245	76
80	2024-12-04	2025-09-07	1751.97	Расторгнут	18	245	76
81	2024-10-08	2025-06-22	2318.00	Расторгнут	18	245	76
82	2024-10-20	2025-06-07	1229.20	Завершен	18	245	76
83	2025-09-08	2025-10-10	4501.73	Завершен	18	245	76
84	2025-06-29	2025-12-18	652.95	Активен	18	245	76
85	2025-01-22	2025-12-05	3586.22	Активен	18	245	76
86	2025-02-15	2025-02-21	4119.85	Завершен	18	245	76
87	2024-12-19	2025-09-18	2696.86	Завершен	18	245	76
88	2025-03-09	2026-02-21	4732.75	Активен	18	245	76
89	2025-04-05	2026-01-29	815.28	Активен	18	245	76
90	2025-02-28	2025-08-19	1821.54	Расторгнут	18	245	76
91	2025-03-10	2025-11-03	4565.19	Расторгнут	18	245	76
92	2025-06-21	2025-08-27	1037.01	Завершен	18	245	76
93	2025-09-01	2025-12-10	1441.48	Активен	18	245	76
94	2025-06-29	2026-03-08	2960.22	Расторгнут	18	245	76
95	2024-10-08	2025-09-19	3905.16	Активен	18	245	76
96	2025-04-18	2026-01-06	676.35	Завершен	18	245	76
97	2025-07-13	2025-07-19	1592.73	Активен	18	245	76
98	2025-05-08	2025-12-15	4300.76	Активен	18	245	76
99	2024-12-12	2025-10-11	131.81	Активен	18	245	76
100	2025-07-13	2025-10-29	4204.17	Расторгнут	18	245	76
101	2025-03-08	2026-01-27	4483.47	Расторгнут	18	245	76
102	2024-11-28	2025-11-08	820.50	Завершен	18	245	76
103	2025-04-13	2025-09-29	321.95	Завершен	18	245	76
104	2024-12-10	2024-12-31	314.03	Расторгнут	18	245	76
105	2025-05-12	2026-04-24	4924.58	Завершен	18	245	76
106	2025-08-06	2026-08-04	3628.77	Активен	18	245	76
107	2025-09-17	2026-09-16	371.04	Расторгнут	18	245	76
108	2024-12-28	2025-08-16	2576.91	Активен	18	245	76
109	2025-08-06	2025-09-04	90.24	Расторгнут	18	245	76
110	2025-07-11	2026-03-17	2900.80	Активен	18	245	76
111	2025-04-20	2025-11-26	2681.42	Завершен	18	245	76
112	2025-01-19	2025-11-09	3613.54	Активен	18	245	76
113	2024-12-10	2025-10-19	4000.20	Завершен	18	245	76
114	2025-06-06	2026-05-22	331.23	Расторгнут	18	245	76
115	2024-10-17	2025-06-05	4602.34	Завершен	18	245	76
116	2025-07-28	2026-03-05	730.07	Активен	18	245	76
117	2024-11-22	2025-10-09	4024.28	Расторгнут	18	245	76
118	2025-05-27	2025-06-25	2973.98	Завершен	18	245	76
119	2025-04-30	2025-05-31	107.24	Завершен	18	245	76
120	2025-03-27	2025-12-09	4308.31	Активен	18	245	76
121	2025-02-24	2025-12-28	3395.58	Расторгнут	18	245	76
122	2025-09-15	2026-03-10	2159.66	Расторгнут	18	245	76
123	2025-02-02	2026-01-13	973.56	Завершен	18	245	76
124	2025-07-25	2025-11-12	3379.57	Завершен	18	245	76
125	2024-10-13	2025-07-01	4203.72	Завершен	18	245	76
126	2025-01-12	2025-10-05	4216.72	Расторгнут	18	245	76
127	2024-10-15	2025-01-21	825.70	Расторгнут	18	245	76
128	2025-09-18	2026-04-23	2583.49	Активен	18	245	76
129	2024-10-23	2025-05-08	2830.73	Завершен	18	245	76
130	2024-10-01	2025-05-16	901.81	Завершен	18	245	76
131	2025-07-11	2026-04-05	2060.39	Расторгнут	18	245	76
132	2025-09-14	2026-03-04	3738.77	Активен	18	245	76
133	2025-01-13	2025-03-17	2575.13	Завершен	18	245	76
134	2025-05-13	2025-12-05	1984.12	Активен	18	245	76
135	2025-01-30	2025-02-08	440.38	Расторгнут	18	245	76
136	2025-04-08	2025-06-28	949.25	Завершен	18	245	76
137	2024-12-04	2025-11-18	4634.35	Активен	18	245	76
138	2024-12-05	2025-04-02	3518.09	Активен	18	245	76
139	2025-03-30	2025-08-11	1455.74	Завершен	18	245	76
140	2024-10-15	2025-07-05	1501.41	Активен	18	245	76
141	2024-10-30	2025-06-22	2836.78	Активен	18	245	76
142	2025-01-17	2025-11-01	4830.00	Завершен	18	245	76
143	2024-11-21	2025-05-03	4892.60	Завершен	18	245	76
144	2025-06-06	2025-11-17	1027.32	Активен	18	245	76
145	2025-09-09	2025-09-15	2954.39	Завершен	18	245	76
146	2025-01-17	2025-04-27	1642.85	Активен	18	245	76
147	2025-04-26	2025-11-11	3123.06	Активен	18	245	76
148	2024-10-31	2025-03-02	1362.33	Расторгнут	18	245	76
149	2025-05-26	2025-11-30	1025.20	Активен	18	245	76
150	2025-08-13	2026-08-12	1573.91	Активен	18	245	76
151	2024-12-27	2025-12-10	94.02	Завершен	18	245	76
152	2025-04-17	2026-04-08	3715.65	Расторгнут	18	245	76
153	2024-09-23	2024-12-04	582.29	Активен	18	245	76
154	2025-07-10	2026-05-27	2557.58	Завершен	18	245	76
155	2025-03-06	2026-01-19	3561.37	Завершен	18	245	76
156	2024-10-13	2025-09-12	1466.47	Завершен	18	245	76
157	2024-12-03	2025-02-20	3244.44	Расторгнут	18	245	76
158	2025-02-08	2025-06-26	2784.26	Расторгнут	18	245	76
159	2025-04-27	2025-12-04	1083.81	Активен	18	245	76
160	2025-07-06	2025-09-01	2615.89	Активен	18	245	76
161	2025-09-02	2025-10-19	1749.21	Завершен	18	245	76
162	2025-07-12	2025-11-11	3624.85	Завершен	18	245	76
163	2025-09-17	2026-01-30	406.27	Активен	18	245	76
164	2025-01-27	2026-01-02	1803.63	Активен	18	245	76
165	2024-12-27	2025-08-23	2776.86	Активен	18	245	76
166	2025-01-05	2025-06-15	857.09	Активен	18	245	76
167	2024-12-02	2025-03-20	1257.03	Расторгнут	18	245	76
168	2025-01-10	2025-10-03	464.83	Завершен	18	245	76
169	2025-03-31	2025-11-01	3914.17	Завершен	18	245	76
170	2025-02-14	2025-10-18	2103.92	Расторгнут	18	245	76
171	2025-03-19	2025-08-22	1690.94	Завершен	18	245	76
172	2025-01-19	2025-05-03	1738.37	Расторгнут	18	245	76
173	2024-09-28	2025-07-15	1632.29	Завершен	18	245	76
174	2025-03-27	2025-12-02	376.10	Расторгнут	18	245	76
175	2025-04-19	2026-04-10	802.56	Завершен	18	245	76
176	2024-09-23	2024-10-05	877.76	Завершен	18	245	76
177	2025-08-15	2025-10-23	4634.95	Активен	18	245	76
178	2025-05-29	2025-10-11	4977.34	Активен	18	245	76
179	2025-09-02	2025-11-23	1140.16	Завершен	18	245	76
180	2024-10-09	2025-08-26	595.18	Расторгнут	18	245	76
181	2025-05-01	2025-09-03	2437.91	Активен	18	245	76
182	2025-07-09	2025-11-20	2062.25	Расторгнут	18	245	76
183	2025-06-06	2026-06-06	2466.63	Расторгнут	18	245	76
184	2025-03-10	2025-11-10	4123.67	Активен	18	245	76
185	2025-08-18	2025-12-05	3917.64	Расторгнут	18	245	76
186	2025-01-14	2025-04-13	1582.96	Расторгнут	18	245	76
187	2025-06-26	2025-09-07	3629.56	Расторгнут	18	245	76
188	2025-03-13	2025-08-04	3323.25	Завершен	18	245	76
189	2025-07-20	2026-01-02	1705.16	Завершен	18	245	76
190	2025-06-15	2025-08-26	1138.47	Расторгнут	18	245	76
191	2024-11-20	2025-03-12	1359.83	Расторгнут	18	245	76
192	2025-04-09	2025-10-31	3623.92	Активен	18	245	76
193	2025-05-20	2026-05-13	3236.75	Активен	18	245	76
194	2025-05-17	2025-11-14	2798.45	Завершен	18	245	76
195	2025-05-04	2026-03-29	381.28	Расторгнут	18	245	76
196	2025-02-21	2025-08-15	2818.04	Расторгнут	18	245	76
197	2024-11-24	2025-02-03	728.06	Завершен	18	245	76
198	2024-10-27	2025-04-18	2969.24	Завершен	18	245	76
199	2025-04-14	2025-10-07	4189.53	Активен	18	245	76
200	2025-02-14	2025-12-20	2907.84	Завершен	18	245	76
201	2025-05-17	2026-03-08	852.39	Завершен	18	245	76
202	2025-01-26	2025-09-07	3464.15	Завершен	18	245	76
203	2025-04-10	2025-11-04	1603.25	Расторгнут	18	245	76
204	2025-08-05	2026-02-26	1762.87	Активен	18	245	76
205	2025-03-14	2025-03-21	2522.30	Завершен	18	245	76
206	2024-09-25	2025-05-17	1577.96	Завершен	18	245	76
207	2025-05-23	2025-11-24	1950.49	Расторгнут	18	245	76
208	2025-05-30	2025-10-31	1499.00	Завершен	18	245	76
209	2025-07-13	2026-02-14	2371.39	Активен	18	245	76
210	2024-12-30	2025-01-23	891.42	Активен	18	245	76
211	2025-04-30	2025-12-05	4564.65	Расторгнут	18	245	76
212	2024-11-06	2025-08-03	4860.38	Активен	18	245	76
213	2025-08-21	2026-07-03	4848.98	Завершен	18	245	76
214	2025-09-03	2025-10-16	3215.93	Завершен	18	245	76
215	2024-12-22	2025-06-16	4107.95	Завершен	18	245	76
216	2025-07-14	2025-09-25	3244.61	Расторгнут	18	245	76
217	2025-05-07	2026-01-02	327.46	Расторгнут	18	245	76
218	2025-04-10	2025-05-01	3015.24	Завершен	18	245	76
219	2025-03-14	2025-12-17	1356.51	Завершен	18	245	76
220	2025-02-11	2025-11-30	2093.41	Активен	18	245	76
221	2025-07-17	2026-02-26	4637.19	Расторгнут	18	245	76
222	2025-06-04	2025-12-23	2437.55	Расторгнут	18	245	76
223	2025-06-20	2026-04-21	3976.57	Активен	18	245	76
224	2025-04-23	2025-05-10	717.10	Расторгнут	18	245	76
225	2025-03-18	2025-10-06	2942.28	Активен	18	245	76
226	2025-02-04	2025-09-11	2411.29	Расторгнут	18	245	76
227	2025-02-23	2025-11-15	2688.85	Расторгнут	18	245	76
228	2025-03-12	2025-10-09	4887.11	Расторгнут	18	245	76
229	2025-01-21	2025-03-05	2726.53	Активен	18	245	76
230	2025-02-18	2025-06-23	4859.38	Завершен	18	245	76
231	2025-02-08	2025-06-08	1316.81	Расторгнут	18	245	76
232	2025-08-02	2026-04-12	4501.05	Расторгнут	18	245	76
233	2024-11-21	2025-02-27	3992.00	Завершен	18	245	76
234	2025-07-21	2025-09-26	2150.22	Расторгнут	18	245	76
235	2025-08-27	2026-03-01	1269.71	Завершен	18	245	76
236	2024-11-07	2025-06-16	355.43	Завершен	18	245	76
237	2025-03-25	2025-12-22	3217.62	Активен	18	245	76
238	2025-05-11	2025-10-21	462.53	Расторгнут	18	245	76
239	2025-04-11	2025-12-04	3599.53	Завершен	18	245	76
240	2024-11-29	2025-07-10	3974.82	Завершен	18	245	76
241	2025-04-02	2025-09-19	3797.39	Активен	18	245	76
242	2025-02-18	2025-03-15	1213.87	Активен	18	245	76
243	2025-07-12	2026-01-23	4185.82	Расторгнут	18	245	76
244	2025-05-28	2026-02-28	1682.82	Расторгнут	18	245	76
245	2024-12-12	2025-07-25	4400.43	Активен	18	245	76
246	2024-10-21	2025-01-30	3993.16	Завершен	18	245	76
247	2025-08-05	2025-09-16	1686.34	Активен	18	245	76
248	2025-02-09	2025-05-05	891.73	Активен	18	245	76
249	2025-01-17	2026-01-02	1891.56	Активен	18	245	76
250	2024-11-07	2025-03-02	1803.19	Завершен	18	245	76
251	2025-04-06	2025-05-31	3143.98	Расторгнут	18	245	76
252	2024-12-31	2025-03-22	4692.62	Расторгнут	18	245	76
253	2025-07-25	2026-02-26	4392.39	Расторгнут	18	245	76
254	2024-12-29	2025-07-04	3280.00	Завершен	18	245	76
255	2025-07-19	2026-04-15	1445.04	Расторгнут	18	245	76
256	2025-06-07	2025-09-12	4601.99	Активен	18	245	76
257	2025-02-17	2026-02-12	1294.05	Завершен	18	245	76
258	2025-01-10	2025-07-27	4271.49	Завершен	18	245	76
259	2025-06-21	2026-03-30	1242.70	Активен	18	245	76
260	2025-08-10	2026-01-25	36.78	Активен	18	245	76
261	2025-09-08	2026-04-19	2373.19	Расторгнут	18	245	76
262	2025-05-21	2025-11-08	1807.37	Расторгнут	18	245	76
263	2025-08-16	2025-09-09	4206.18	Завершен	18	245	76
264	2025-08-15	2025-12-05	4219.23	Завершен	18	245	76
265	2025-07-29	2026-06-27	3070.84	Расторгнут	18	245	76
266	2025-01-15	2025-01-17	4300.01	Завершен	18	245	76
267	2025-07-15	2025-12-02	4083.78	Активен	18	245	76
268	2024-09-28	2025-07-22	1788.14	Завершен	18	245	76
269	2025-03-07	2025-03-24	4311.37	Завершен	18	245	76
270	2024-10-02	2025-01-12	2507.45	Расторгнут	18	245	76
271	2025-03-16	2026-02-24	3612.67	Расторгнут	18	245	76
272	2025-03-14	2025-04-10	772.85	Завершен	18	245	76
273	2024-09-24	2024-12-04	2549.47	Завершен	18	245	76
274	2025-05-29	2026-03-17	1918.43	Активен	18	245	76
275	2024-11-11	2025-08-31	3019.30	Активен	18	245	76
276	2024-12-23	2025-02-27	950.65	Завершен	18	245	76
277	2024-11-21	2025-02-18	2490.47	Расторгнут	18	245	76
278	2025-06-17	2026-04-04	2567.38	Завершен	18	245	76
279	2025-08-26	2026-05-25	161.10	Активен	18	245	76
280	2024-09-27	2025-03-04	1452.96	Завершен	18	245	76
281	2025-03-31	2026-03-30	3317.09	Активен	18	245	76
282	2025-04-29	2025-06-29	2350.55	Расторгнут	18	245	76
283	2025-02-26	2025-04-18	3184.40	Активен	18	245	76
284	2025-02-19	2025-03-02	2400.44	Завершен	18	245	76
285	2025-06-10	2025-11-16	1604.05	Активен	18	245	76
286	2024-11-15	2025-04-16	4749.90	Активен	18	245	76
287	2025-04-16	2025-08-16	3565.75	Активен	18	245	76
288	2025-02-21	2025-11-15	3389.22	Расторгнут	18	245	76
289	2025-04-22	2026-03-30	483.80	Активен	18	245	76
290	2025-07-08	2026-05-28	979.96	Активен	18	245	76
291	2025-04-26	2025-05-05	461.59	Расторгнут	18	245	76
292	2025-02-10	2026-01-24	4617.49	Завершен	18	245	76
293	2024-12-14	2025-09-29	1043.82	Расторгнут	18	245	76
294	2025-02-01	2025-11-19	2812.95	Расторгнут	18	245	76
295	2025-08-26	2026-05-22	2424.88	Активен	18	245	76
296	2025-02-09	2025-02-16	4478.92	Расторгнут	18	245	76
298	2025-01-04	2025-04-05	4932.35	Активен	18	245	76
299	2025-02-02	2025-10-25	1592.40	Активен	18	245	76
301	\N	\N	\N	\N	\N	\N	\N
\.


--
-- Data for Name: contract_service; Type: TABLE DATA; Schema: public; Owner: postgres
--

COPY public.contract_service (contract_id, service_id) FROM stdin;
152	5
\.


--
-- Data for Name: employee; Type: TABLE DATA; Schema: public; Owner: postgres
--

COPY public.employee (id, passport_number, bonus, hired, fio, position_id) FROM stdin;
1	E000001	373.88	2023-05-27	Сотрудник 1	13
2	E000002	9198.42	2023-07-03	Сотрудник 2	13
3	E000003	18330.03	2023-03-26	Сотрудник 3	13
4	E000004	2263.65	2024-05-13	Сотрудник 4	13
5	E000005	5462.58	2024-09-13	Сотрудник 5	13
6	E000006	1307.71	2024-09-07	Сотрудник 6	13
7	E000007	4632.69	2025-05-16	Сотрудник 7	13
8	E000008	15542.69	2024-08-18	Сотрудник 8	13
9	E000009	14280.57	2025-08-27	Сотрудник 9	13
10	E000010	10456.56	2023-07-26	Сотрудник 10	13
11	E000011	19812.16	2025-03-23	Сотрудник 11	13
12	E000012	5609.21	2024-03-15	Сотрудник 12	13
13	E000013	14394.02	2023-11-22	Сотрудник 13	13
14	E000014	18505.83	2024-06-01	Сотрудник 14	13
15	E000015	11324.89	2024-06-20	Сотрудник 15	13
16	E000016	10955.82	2024-08-06	Сотрудник 16	13
17	E000017	18345.08	2025-02-26	Сотрудник 17	13
18	E000018	9795.37	2023-08-31	Сотрудник 18	13
19	E000019	6193.43	2024-03-31	Сотрудник 19	13
20	E000020	11421.67	2024-05-13	Сотрудник 20	13
21	E000021	19602.35	2023-12-27	Сотрудник 21	13
22	E000022	19161.85	2024-08-18	Сотрудник 22	13
23	E000023	7404.96	2025-02-05	Сотрудник 23	13
24	E000024	17522.55	2024-08-09	Сотрудник 24	13
25	E000025	11699.20	2024-05-11	Сотрудник 25	13
26	E000026	8450.14	2024-03-22	Сотрудник 26	13
27	E000027	17155.65	2024-08-28	Сотрудник 27	13
28	E000028	1836.33	2023-06-14	Сотрудник 28	13
29	E000029	13854.48	2024-10-23	Сотрудник 29	13
30	E000030	9059.26	2024-03-10	Сотрудник 30	13
31	E000031	6716.33	2023-03-28	Сотрудник 31	13
32	E000032	5711.08	2024-01-05	Сотрудник 32	13
33	E000033	8081.66	2024-01-19	Сотрудник 33	13
34	E000034	4669.62	2024-01-31	Сотрудник 34	13
35	E000035	6377.11	2025-04-17	Сотрудник 35	13
36	E000036	917.83	2024-09-26	Сотрудник 36	13
37	E000037	3556.64	2024-01-31	Сотрудник 37	13
38	E000038	227.76	2024-08-17	Сотрудник 38	13
39	E000039	1689.74	2024-02-18	Сотрудник 39	13
40	E000040	1863.49	2025-03-30	Сотрудник 40	13
41	E000041	5271.62	2023-12-22	Сотрудник 41	13
42	E000042	1124.57	2022-12-30	Сотрудник 42	13
43	E000043	17119.60	2023-12-09	Сотрудник 43	13
44	E000044	2442.68	2023-08-03	Сотрудник 44	13
45	E000045	9138.88	2024-06-17	Сотрудник 45	13
46	E000046	7817.57	2025-03-11	Сотрудник 46	13
47	E000047	18497.16	2024-11-09	Сотрудник 47	13
48	E000048	13148.20	2024-03-16	Сотрудник 48	13
49	E000049	1065.13	2023-07-25	Сотрудник 49	13
50	E000050	4584.68	2023-07-29	Сотрудник 50	13
51	E000051	7424.94	2024-03-29	Сотрудник 51	13
52	E000052	5712.39	2023-10-15	Сотрудник 52	13
53	E000053	14730.33	2024-09-13	Сотрудник 53	13
54	E000054	7468.66	2023-05-12	Сотрудник 54	13
55	E000055	14423.63	2024-11-02	Сотрудник 55	13
56	E000056	9192.10	2024-07-08	Сотрудник 56	13
57	E000057	4236.11	2024-06-11	Сотрудник 57	13
58	E000058	7084.57	2024-03-14	Сотрудник 58	13
59	E000059	14311.35	2025-07-17	Сотрудник 59	13
60	E000060	11316.28	2023-02-05	Сотрудник 60	13
61	E000061	9411.18	2023-06-22	Сотрудник 61	13
62	E000062	1776.06	2025-02-21	Сотрудник 62	13
63	E000063	10372.70	2024-01-15	Сотрудник 63	13
64	E000064	5974.22	2024-04-02	Сотрудник 64	13
65	E000065	16339.35	2023-10-04	Сотрудник 65	13
66	E000066	1734.96	2024-01-13	Сотрудник 66	13
67	E000067	11231.30	2024-02-04	Сотрудник 67	13
68	E000068	8025.38	2023-03-04	Сотрудник 68	13
69	E000069	3647.47	2025-08-20	Сотрудник 69	13
70	E000070	6811.18	2022-12-31	Сотрудник 70	13
71	E000071	7664.57	2023-04-26	Сотрудник 71	13
72	E000072	6881.73	2025-05-01	Сотрудник 72	13
73	E000073	5809.27	2024-09-29	Сотрудник 73	13
74	E000074	4200.87	2025-01-05	Сотрудник 74	13
75	E000075	19850.22	2024-01-28	Сотрудник 75	13
76	E000076	2769.93	2024-08-14	Сотрудник 76	13
77	E000077	13414.43	2023-04-19	Сотрудник 77	13
78	E000078	9822.85	2025-08-16	Сотрудник 78	13
79	E000079	18733.18	2024-10-22	Сотрудник 79	13
80	E000080	18096.96	2024-09-13	Сотрудник 80	13
81	E000081	1354.42	2024-03-28	Сотрудник 81	13
82	E000082	16645.06	2024-04-17	Сотрудник 82	13
83	E000083	5312.74	2025-06-09	Сотрудник 83	13
84	E000084	18549.52	2024-09-10	Сотрудник 84	13
85	E000085	4782.56	2024-07-14	Сотрудник 85	13
86	E000086	10232.77	2023-03-13	Сотрудник 86	13
87	E000087	7968.20	2023-12-05	Сотрудник 87	13
88	E000088	12321.16	2024-07-14	Сотрудник 88	13
89	E000089	3909.31	2025-01-19	Сотрудник 89	13
90	E000090	6354.21	2024-05-28	Сотрудник 90	13
91	E000091	15053.56	2023-12-05	Сотрудник 91	13
92	E000092	19744.37	2024-02-22	Сотрудник 92	13
93	E000093	11586.40	2024-01-31	Сотрудник 93	13
94	E000094	12.50	2023-07-19	Сотрудник 94	13
95	E000095	3587.72	2024-01-12	Сотрудник 95	13
96	E000096	8019.96	2024-12-28	Сотрудник 96	13
97	E000097	1731.82	2025-09-09	Сотрудник 97	13
98	E000098	18814.19	2025-05-31	Сотрудник 98	13
99	E000099	17282.06	2023-09-30	Сотрудник 99	13
100	E000100	1569.57	2024-08-27	Сотрудник 100	13
\.


--
-- Data for Name: flyway_schema_history; Type: TABLE DATA; Schema: public; Owner: postgres
--

COPY public.flyway_schema_history (installed_rank, version, description, type, script, checksum, installed_by, installed_on, execution_time, success) FROM stdin;
1	1	init	SQL	V1__init.sql	-164054846	postgres	2025-09-22 04:03:31.103842	61	t
2	2	fill	SQL	V2__fill.sql	-58356737	postgres	2025-09-22 04:03:31.194159	33	t
\.


--
-- Data for Name: position; Type: TABLE DATA; Schema: public; Owner: postgres
--

COPY public."position" (id, name, description, salary, category) FROM stdin;
1	Менеджер	Работа с клиентами	80000.00	Офис
2	Оператор	Обслуживание звонков	50000.00	Офис
3	Администратор	Администрирование систем	90000.00	IT
4	Техник	Техническое обслуживание	60000.00	Технический
5	Аналитик	Анализ данных	100000.00	IT
6	Разработчик	Разработка ПО	120000.00	IT
7	Тестировщик	Тестирование ПО	70000.00	IT
8	Руководитель отдела	Управление командой	150000.00	Менеджмент
9	HR-специалист	Подбор персонала	65000.00	Офис
10	Маркетолог	Продвижение услуг	85000.00	Офис
11	Финансист	Финансовый анализ	110000.00	Финансы
12	Юрист	Правовое сопровождение	120000.00	Финансы
13	Системный архитектор	Архитектура систем	160000.00	IT
14	DevOps-инженер	CI/CD и инфраструктура	140000.00	IT
15	Сетевой инженер	Настройка сетей	100000.00	Технический
16	Специалист по безопасности	Инфобез	130000.00	IT
17	Data Scientist	ML и аналитика	170000.00	IT
18	Product Manager	Управление продуктом	150000.00	Менеджмент
19	Project Manager	Управление проектами	140000.00	Менеджмент
20	Директор по развитию	Стратегия компании	200000.00	Топ-менеджмент
\.


--
-- Data for Name: service; Type: TABLE DATA; Schema: public; Owner: postgres
--

COPY public.service (id, name, type, description, status) FROM stdin;
1	Интернет 50 Мбит/с	Интернет	Домашний интернет	Активен
2	Интернет 100 Мбит/с	Интернет	Домашний интернет	Активен
3	Интернет 300 Мбит/с	Интернет	Домашний интернет	Активен
4	Мобильный Базовый	Мобильная связь	500 минут	Активен
5	Мобильный Стандарт	Мобильная связь	1000 минут	Активен
6	Мобильный Премиум	Мобильная связь	3000 минут	Активен
7	IPTV Базовый	IPTV	50 каналов	Активен
8	IPTV Расширенный	IPTV	150 каналов	Активен
9	IPTV Премиум	IPTV	300 каналов	Активен
10	VPN Домашний	VPN	1 подключение	Активен
11	VPN Бизнес	VPN	10 подключений	Активен
12	VPN Корпоративный	VPN	50 подключений	Активен
13	Телефония Городская	Телефония	Безлимит	Активен
14	Телефония Междугородняя	Телефония	1000 минут	Активен
15	Телефония Международная	Телефония	500 минут	Активен
16	Облако 50ГБ	Хранилище	Личное	Активен
17	Облако 200ГБ	Хранилище	Семейное	Активен
18	Облако 1ТБ	Хранилище	Корпоративное	Активен
19	Антивирус Базовый	Безопасность	1 устройство	Активен
20	Антивирус Премиум	Безопасность	5 устройств	Активен
21	Антивирус Корпоративный	Безопасность	50 устройств	Активен
22	Умный дом Базовый	IoT	Датчики	Активен
23	Умный дом Расширенный	IoT	Датчики+камеры	Активен
24	Умный дом Премиум	IoT	Полный комплект	Активен
25	Хостинг Сайт	Хостинг	1 сайт	Активен
26	Хостинг VPS	Хостинг	1 сервер	Активен
27	Хостинг Dedicated	Хостинг	Физический сервер	Активен
28	Поддержка 24/7	Сервис	Горячая линия	Активен
29	Консалтинг IT	Сервис	Час консультации	Активен
30	Аудит безопасности	Сервис	Комплексная проверка	Активен
\.


--
-- Data for Name: support_tickets; Type: TABLE DATA; Schema: public; Owner: postgres
--

COPY public.support_tickets (id, client_id, employee_id, "timestamp", response) FROM stdin;
1	221	15	2025-09-05 00:26:45.750957	Ответ на обращение #1
2	221	15	2025-07-22 12:15:14.889278	Ответ на обращение #2
3	221	15	2025-06-19 16:33:30.236539	Ответ на обращение #3
4	221	15	2025-07-02 11:09:39.093584	Ответ на обращение #4
5	221	15	2025-06-15 01:17:41.325693	Ответ на обращение #5
6	221	15	2025-07-17 22:06:09.838951	Ответ на обращение #6
7	221	15	2025-09-09 01:06:33.648133	Ответ на обращение #7
8	221	15	2025-08-06 04:24:08.261043	Ответ на обращение #8
9	221	15	2025-08-09 20:14:52.549957	Ответ на обращение #9
10	221	15	2025-08-01 22:52:06.267583	Ответ на обращение #10
11	221	15	2025-06-16 11:34:39.530402	Ответ на обращение #11
12	221	15	2025-08-09 19:21:06.255545	Ответ на обращение #12
13	221	15	2025-07-03 18:52:51.811204	Ответ на обращение #13
14	221	15	2025-09-01 10:23:34.034512	Ответ на обращение #14
15	221	15	2025-07-12 06:40:41.856641	Ответ на обращение #15
16	221	15	2025-08-21 11:44:27.834953	Ответ на обращение #16
17	221	15	2025-07-14 10:59:58.463548	Ответ на обращение #17
18	221	15	2025-09-18 00:40:09.809239	Ответ на обращение #18
19	221	15	2025-09-02 10:24:57.654564	Ответ на обращение #19
20	221	15	2025-08-18 00:14:16.598184	Ответ на обращение #20
21	221	15	2025-09-13 08:32:19.930487	Ответ на обращение #21
22	221	15	2025-07-14 19:26:34.382067	Ответ на обращение #22
23	221	15	2025-09-15 19:16:27.325779	Ответ на обращение #23
24	221	15	2025-07-09 08:57:14.929083	Ответ на обращение #24
25	221	15	2025-07-24 05:03:21.986296	Ответ на обращение #25
26	221	15	2025-07-31 00:46:17.147275	Ответ на обращение #26
27	221	15	2025-07-06 19:39:45.014207	Ответ на обращение #27
28	221	15	2025-07-19 02:04:42.156854	Ответ на обращение #28
29	221	15	2025-07-03 17:46:58.927727	Ответ на обращение #29
30	221	15	2025-07-12 21:09:28.003284	Ответ на обращение #30
31	221	15	2025-08-15 08:20:18.021686	Ответ на обращение #31
32	221	15	2025-07-11 11:08:17.526708	Ответ на обращение #32
33	221	15	2025-06-24 18:13:20.168387	Ответ на обращение #33
34	221	15	2025-08-16 03:15:58.430675	Ответ на обращение #34
35	221	15	2025-08-07 23:23:12.136002	Ответ на обращение #35
36	221	15	2025-07-29 02:47:15.757686	Ответ на обращение #36
37	221	15	2025-06-19 10:38:03.989963	Ответ на обращение #37
38	221	15	2025-08-11 07:58:26.417747	Ответ на обращение #38
39	221	15	2025-08-24 00:02:26.043326	Ответ на обращение #39
40	221	15	2025-07-16 13:00:04.784547	Ответ на обращение #40
41	221	15	2025-09-12 11:56:54.93429	Ответ на обращение #41
42	221	15	2025-09-13 18:27:00.523972	Ответ на обращение #42
43	221	15	2025-07-03 10:28:47.920812	Ответ на обращение #43
44	221	15	2025-09-18 14:22:17.620805	Ответ на обращение #44
45	221	15	2025-09-16 00:38:08.187859	Ответ на обращение #45
46	221	15	2025-08-29 22:02:52.277146	Ответ на обращение #46
47	221	15	2025-06-17 00:50:40.473826	Ответ на обращение #47
48	221	15	2025-07-30 23:23:22.399823	Ответ на обращение #48
49	221	15	2025-07-29 23:51:58.754723	Ответ на обращение #49
50	221	15	2025-08-01 00:18:08.444065	Ответ на обращение #50
51	221	15	2025-06-22 01:24:02.600059	Ответ на обращение #51
52	221	15	2025-09-04 04:03:19.7968	Ответ на обращение #52
53	221	15	2025-09-18 15:48:49.097768	Ответ на обращение #53
54	221	15	2025-08-19 14:40:50.361724	Ответ на обращение #54
55	221	15	2025-07-02 00:27:17.773381	Ответ на обращение #55
56	221	15	2025-09-11 19:11:30.267079	Ответ на обращение #56
57	221	15	2025-06-23 23:05:00.398736	Ответ на обращение #57
58	221	15	2025-07-26 09:10:11.206328	Ответ на обращение #58
59	221	15	2025-06-24 12:06:22.646339	Ответ на обращение #59
60	221	15	2025-08-13 09:48:58.211568	Ответ на обращение #60
61	221	15	2025-09-02 04:28:35.581427	Ответ на обращение #61
62	221	15	2025-09-17 01:40:47.571181	Ответ на обращение #62
63	221	15	2025-07-13 17:30:13.861173	Ответ на обращение #63
64	221	15	2025-08-30 15:19:02.560735	Ответ на обращение #64
65	221	15	2025-08-08 18:42:06.794189	Ответ на обращение #65
66	221	15	2025-06-18 00:10:52.154891	Ответ на обращение #66
67	221	15	2025-06-22 17:40:01.913136	Ответ на обращение #67
68	221	15	2025-08-23 00:31:20.738209	Ответ на обращение #68
69	221	15	2025-07-07 21:58:59.786649	Ответ на обращение #69
70	221	15	2025-06-16 15:19:01.535493	Ответ на обращение #70
71	221	15	2025-09-01 08:31:04.74397	Ответ на обращение #71
72	221	15	2025-08-01 07:56:09.591024	Ответ на обращение #72
73	221	15	2025-07-05 17:41:06.324084	Ответ на обращение #73
74	221	15	2025-07-09 12:56:23.096153	Ответ на обращение #74
75	221	15	2025-09-02 12:28:34.373565	Ответ на обращение #75
76	221	15	2025-07-19 09:35:23.201732	Ответ на обращение #76
77	221	15	2025-06-26 21:24:49.81168	Ответ на обращение #77
78	221	15	2025-09-07 00:44:14.757284	Ответ на обращение #78
79	221	15	2025-08-12 04:05:48.32083	Ответ на обращение #79
80	221	15	2025-06-16 23:33:25.236957	Ответ на обращение #80
81	221	15	2025-07-06 00:00:32.502425	Ответ на обращение #81
82	221	15	2025-09-12 10:12:27.469751	Ответ на обращение #82
83	221	15	2025-07-30 03:28:41.978859	Ответ на обращение #83
84	221	15	2025-06-16 15:25:35.728799	Ответ на обращение #84
85	221	15	2025-09-08 16:11:35.795223	Ответ на обращение #85
86	221	15	2025-08-22 04:55:30.203558	Ответ на обращение #86
87	221	15	2025-07-26 06:01:47.253396	Ответ на обращение #87
88	221	15	2025-09-02 04:45:07.551008	Ответ на обращение #88
89	221	15	2025-09-08 22:20:05.179509	Ответ на обращение #89
90	221	15	2025-07-01 13:22:31.572507	Ответ на обращение #90
91	221	15	2025-07-15 03:23:08.313366	Ответ на обращение #91
92	221	15	2025-09-15 09:37:05.29753	Ответ на обращение #92
93	221	15	2025-06-26 05:18:05.58643	Ответ на обращение #93
94	221	15	2025-07-16 19:33:29.474717	Ответ на обращение #94
95	221	15	2025-07-03 07:05:08.646679	Ответ на обращение #95
96	221	15	2025-07-10 05:57:47.589767	Ответ на обращение #96
97	221	15	2025-08-01 08:27:03.336583	Ответ на обращение #97
98	221	15	2025-07-19 09:20:32.782501	Ответ на обращение #98
99	221	15	2025-07-26 20:40:32.036503	Ответ на обращение #99
100	221	15	2025-09-14 02:50:11.0285	Ответ на обращение #100
101	221	15	2025-07-17 05:59:26.309029	Ответ на обращение #101
102	221	15	2025-08-19 22:37:30.99173	Ответ на обращение #102
103	221	15	2025-07-20 02:19:21.77199	Ответ на обращение #103
104	221	15	2025-07-09 16:56:03.073095	Ответ на обращение #104
105	221	15	2025-07-24 11:30:19.967755	Ответ на обращение #105
106	221	15	2025-08-15 04:42:07.03096	Ответ на обращение #106
107	221	15	2025-09-09 22:51:02.650068	Ответ на обращение #107
108	221	15	2025-06-28 16:46:31.71902	Ответ на обращение #108
109	221	15	2025-07-02 11:23:36.366092	Ответ на обращение #109
110	221	15	2025-06-17 00:07:23.399459	Ответ на обращение #110
111	221	15	2025-06-16 06:18:16.314835	Ответ на обращение #111
112	221	15	2025-08-02 07:51:06.94324	Ответ на обращение #112
113	221	15	2025-09-20 15:00:43.741577	Ответ на обращение #113
114	221	15	2025-08-21 05:06:36.149901	Ответ на обращение #114
115	221	15	2025-07-06 15:16:52.175215	Ответ на обращение #115
116	221	15	2025-07-13 04:21:44.237646	Ответ на обращение #116
117	221	15	2025-09-18 07:16:28.147911	Ответ на обращение #117
118	221	15	2025-07-27 06:39:02.049006	Ответ на обращение #118
119	221	15	2025-06-18 09:09:15.964493	Ответ на обращение #119
120	221	15	2025-09-11 12:30:02.447041	Ответ на обращение #120
121	221	15	2025-08-16 21:10:30.847572	Ответ на обращение #121
122	221	15	2025-07-20 10:05:26.446601	Ответ на обращение #122
123	221	15	2025-06-27 23:54:13.318175	Ответ на обращение #123
124	221	15	2025-08-23 23:42:24.385115	Ответ на обращение #124
125	221	15	2025-07-21 16:35:31.142983	Ответ на обращение #125
126	221	15	2025-06-22 23:11:01.546861	Ответ на обращение #126
127	221	15	2025-08-14 09:31:50.578766	Ответ на обращение #127
128	221	15	2025-07-13 18:48:27.772457	Ответ на обращение #128
129	221	15	2025-09-03 06:23:03.53432	Ответ на обращение #129
130	221	15	2025-08-26 12:38:33.018329	Ответ на обращение #130
131	221	15	2025-08-28 16:29:11.4959	Ответ на обращение #131
132	221	15	2025-07-29 00:43:41.06818	Ответ на обращение #132
133	221	15	2025-08-17 13:40:04.146346	Ответ на обращение #133
134	221	15	2025-07-26 15:59:12.566532	Ответ на обращение #134
135	221	15	2025-08-21 22:34:14.975614	Ответ на обращение #135
136	221	15	2025-08-05 12:49:05.501357	Ответ на обращение #136
137	221	15	2025-09-08 01:40:45.701497	Ответ на обращение #137
138	221	15	2025-08-13 14:29:41.723914	Ответ на обращение #138
139	221	15	2025-08-28 03:06:57.893398	Ответ на обращение #139
140	221	15	2025-09-16 13:38:51.087818	Ответ на обращение #140
141	221	15	2025-06-29 22:09:27.008897	Ответ на обращение #141
142	221	15	2025-07-01 15:00:47.319694	Ответ на обращение #142
143	221	15	2025-07-16 00:35:24.014547	Ответ на обращение #143
144	221	15	2025-06-26 04:59:59.785488	Ответ на обращение #144
145	221	15	2025-07-28 08:19:13.458895	Ответ на обращение #145
146	221	15	2025-09-16 20:41:59.110925	Ответ на обращение #146
147	221	15	2025-07-29 19:18:04.581801	Ответ на обращение #147
148	221	15	2025-07-27 12:55:52.278316	Ответ на обращение #148
149	221	15	2025-07-20 20:57:44.016136	Ответ на обращение #149
150	221	15	2025-07-14 04:47:01.679678	Ответ на обращение #150
151	221	15	2025-07-23 16:13:09.228538	Ответ на обращение #151
152	221	15	2025-08-06 09:58:08.241567	Ответ на обращение #152
153	221	15	2025-08-03 05:49:48.827852	Ответ на обращение #153
154	221	15	2025-08-27 09:08:13.839534	Ответ на обращение #154
155	221	15	2025-08-13 02:28:48.222175	Ответ на обращение #155
156	221	15	2025-06-14 14:37:06.038089	Ответ на обращение #156
157	221	15	2025-08-17 23:01:29.517069	Ответ на обращение #157
158	221	15	2025-07-10 21:55:48.354931	Ответ на обращение #158
159	221	15	2025-09-20 00:18:37.56121	Ответ на обращение #159
160	221	15	2025-07-03 14:10:43.779572	Ответ на обращение #160
161	221	15	2025-08-03 23:15:31.028636	Ответ на обращение #161
162	221	15	2025-08-13 08:25:10.372561	Ответ на обращение #162
163	221	15	2025-09-16 04:14:19.12141	Ответ на обращение #163
164	221	15	2025-06-25 19:28:14.562364	Ответ на обращение #164
165	221	15	2025-08-26 21:35:39.897793	Ответ на обращение #165
166	221	15	2025-07-19 07:48:16.31151	Ответ на обращение #166
167	221	15	2025-09-03 14:50:42.351273	Ответ на обращение #167
168	221	15	2025-09-04 13:17:56.92411	Ответ на обращение #168
169	221	15	2025-07-07 13:28:29.676736	Ответ на обращение #169
170	221	15	2025-06-14 21:30:40.72975	Ответ на обращение #170
171	221	15	2025-07-15 08:14:41.195288	Ответ на обращение #171
172	221	15	2025-09-09 06:53:49.752928	Ответ на обращение #172
173	221	15	2025-07-22 00:16:01.797926	Ответ на обращение #173
174	221	15	2025-07-05 23:36:20.496606	Ответ на обращение #174
175	221	15	2025-07-22 01:24:10.02141	Ответ на обращение #175
176	221	15	2025-07-25 06:49:06.839628	Ответ на обращение #176
177	221	15	2025-09-13 16:47:31.472225	Ответ на обращение #177
178	221	15	2025-07-29 20:49:39.076245	Ответ на обращение #178
179	221	15	2025-07-23 20:59:31.558395	Ответ на обращение #179
180	221	15	2025-07-11 20:14:25.897242	Ответ на обращение #180
181	221	15	2025-09-18 22:21:04.726561	Ответ на обращение #181
182	221	15	2025-06-20 04:34:58.399819	Ответ на обращение #182
183	221	15	2025-08-10 11:44:06.478065	Ответ на обращение #183
184	221	15	2025-08-15 11:06:24.249002	Ответ на обращение #184
185	221	15	2025-08-04 11:08:57.846602	Ответ на обращение #185
186	221	15	2025-07-11 15:38:17.474553	Ответ на обращение #186
187	221	15	2025-09-11 01:19:25.107698	Ответ на обращение #187
188	221	15	2025-09-20 12:55:38.07991	Ответ на обращение #188
189	221	15	2025-09-14 10:20:00.055175	Ответ на обращение #189
190	221	15	2025-08-08 15:45:33.841032	Ответ на обращение #190
191	221	15	2025-08-26 22:36:26.195519	Ответ на обращение #191
192	221	15	2025-08-04 23:28:34.744137	Ответ на обращение #192
193	221	15	2025-08-20 16:20:10.90461	Ответ на обращение #193
194	221	15	2025-08-26 16:37:50.291227	Ответ на обращение #194
195	221	15	2025-06-24 13:06:28.930305	Ответ на обращение #195
196	221	15	2025-08-30 02:00:06.130908	Ответ на обращение #196
197	221	15	2025-09-08 21:50:56.445349	Ответ на обращение #197
198	221	15	2025-07-08 12:05:09.214924	Ответ на обращение #198
199	221	15	2025-08-14 08:16:18.245358	Ответ на обращение #199
200	221	15	2025-07-09 16:57:23.495466	Ответ на обращение #200
\.


--
-- Data for Name: tariff_plan; Type: TABLE DATA; Schema: public; Owner: postgres
--

COPY public.tariff_plan (id, price, internet, status, minutes_in, minutes_out) FROM stdin;
1	10.00	50	Активен	100	50
2	15.00	100	Активен	200	100
3	25.00	300	Активен	500	200
4	8.00	10	Активен	50	20
5	12.00	20	Активен	100	50
6	20.00	50	Активен	300	100
7	5.00	0	Активен	0	0
8	10.00	0	Активен	0	0
9	15.00	0	Активен	0	0
10	7.00	5	Активен	20	10
11	20.00	50	Активен	200	100
12	50.00	100	Активен	500	200
13	18.00	100	Активен	300	150
14	20.00	150	Активен	400	200
15	40.00	200	Активен	600	300
16	60.00	300	Активен	800	400
17	120.00	500	Активен	1000	500
18	250.00	1000	Активен	2000	1000
19	500.00	2000	Активен	5000	2000
20	1.00	1	Архивный	10	5
\.


--
-- Name: bill_id_seq; Type: SEQUENCE SET; Schema: public; Owner: postgres
--

SELECT pg_catalog.setval('public.bill_id_seq', 1001, true);


--
-- Name: client_id_seq; Type: SEQUENCE SET; Schema: public; Owner: postgres
--

SELECT pg_catalog.setval('public.client_id_seq', 504, true);


--
-- Name: contract_id_seq; Type: SEQUENCE SET; Schema: public; Owner: postgres
--

SELECT pg_catalog.setval('public.contract_id_seq', 301, true);


--
-- Name: employee_id_seq; Type: SEQUENCE SET; Schema: public; Owner: postgres
--

SELECT pg_catalog.setval('public.employee_id_seq', 100, true);


--
-- Name: position_id_seq; Type: SEQUENCE SET; Schema: public; Owner: postgres
--

SELECT pg_catalog.setval('public.position_id_seq', 22, true);


--
-- Name: service_id_seq; Type: SEQUENCE SET; Schema: public; Owner: postgres
--

SELECT pg_catalog.setval('public.service_id_seq', 1, false);


--
-- Name: support_tickets_id_seq; Type: SEQUENCE SET; Schema: public; Owner: postgres
--

SELECT pg_catalog.setval('public.support_tickets_id_seq', 200, true);


--
-- Name: tariff_plan_id_seq; Type: SEQUENCE SET; Schema: public; Owner: postgres
--

SELECT pg_catalog.setval('public.tariff_plan_id_seq', 1, false);


--
-- Name: bill bill_pkey; Type: CONSTRAINT; Schema: public; Owner: postgres
--

ALTER TABLE ONLY public.bill
    ADD CONSTRAINT bill_pkey PRIMARY KEY (id);


--
-- Name: client client_mobile_number_key; Type: CONSTRAINT; Schema: public; Owner: postgres
--

ALTER TABLE ONLY public.client
    ADD CONSTRAINT client_mobile_number_key UNIQUE (mobile_number);


--
-- Name: client client_passport_number_key; Type: CONSTRAINT; Schema: public; Owner: postgres
--

ALTER TABLE ONLY public.client
    ADD CONSTRAINT client_passport_number_key UNIQUE (passport_number);


--
-- Name: client client_pkey; Type: CONSTRAINT; Schema: public; Owner: postgres
--

ALTER TABLE ONLY public.client
    ADD CONSTRAINT client_pkey PRIMARY KEY (id);


--
-- Name: contract contract_pkey; Type: CONSTRAINT; Schema: public; Owner: postgres
--

ALTER TABLE ONLY public.contract
    ADD CONSTRAINT contract_pkey PRIMARY KEY (id);


--
-- Name: contract_service contract_service_pkey; Type: CONSTRAINT; Schema: public; Owner: postgres
--

ALTER TABLE ONLY public.contract_service
    ADD CONSTRAINT contract_service_pkey PRIMARY KEY (contract_id, service_id);


--
-- Name: employee employee_passport_number_key; Type: CONSTRAINT; Schema: public; Owner: postgres
--

ALTER TABLE ONLY public.employee
    ADD CONSTRAINT employee_passport_number_key UNIQUE (passport_number);


--
-- Name: employee employee_pkey; Type: CONSTRAINT; Schema: public; Owner: postgres
--

ALTER TABLE ONLY public.employee
    ADD CONSTRAINT employee_pkey PRIMARY KEY (id);


--
-- Name: flyway_schema_history flyway_schema_history_pk; Type: CONSTRAINT; Schema: public; Owner: postgres
--

ALTER TABLE ONLY public.flyway_schema_history
    ADD CONSTRAINT flyway_schema_history_pk PRIMARY KEY (installed_rank);


--
-- Name: position position_name_key; Type: CONSTRAINT; Schema: public; Owner: postgres
--

ALTER TABLE ONLY public."position"
    ADD CONSTRAINT position_name_key UNIQUE (name);


--
-- Name: position position_pkey; Type: CONSTRAINT; Schema: public; Owner: postgres
--

ALTER TABLE ONLY public."position"
    ADD CONSTRAINT position_pkey PRIMARY KEY (id);


--
-- Name: service service_pkey; Type: CONSTRAINT; Schema: public; Owner: postgres
--

ALTER TABLE ONLY public.service
    ADD CONSTRAINT service_pkey PRIMARY KEY (id);


--
-- Name: support_tickets support_tickets_pkey; Type: CONSTRAINT; Schema: public; Owner: postgres
--

ALTER TABLE ONLY public.support_tickets
    ADD CONSTRAINT support_tickets_pkey PRIMARY KEY (id);


--
-- Name: tariff_plan tariff_plan_pkey; Type: CONSTRAINT; Schema: public; Owner: postgres
--

ALTER TABLE ONLY public.tariff_plan
    ADD CONSTRAINT tariff_plan_pkey PRIMARY KEY (id);


--
-- Name: flyway_schema_history_s_idx; Type: INDEX; Schema: public; Owner: postgres
--

CREATE INDEX flyway_schema_history_s_idx ON public.flyway_schema_history USING btree (success);


--
-- Name: contract_service contract_service_contract_id_fkey; Type: FK CONSTRAINT; Schema: public; Owner: postgres
--

ALTER TABLE ONLY public.contract_service
    ADD CONSTRAINT contract_service_contract_id_fkey FOREIGN KEY (contract_id) REFERENCES public.contract(id);


--
-- Name: contract_service contract_service_service_id_fkey; Type: FK CONSTRAINT; Schema: public; Owner: postgres
--

ALTER TABLE ONLY public.contract_service
    ADD CONSTRAINT contract_service_service_id_fkey FOREIGN KEY (service_id) REFERENCES public.service(id);


--
-- Name: bill fk_client; Type: FK CONSTRAINT; Schema: public; Owner: postgres
--

ALTER TABLE ONLY public.bill
    ADD CONSTRAINT fk_client FOREIGN KEY (client_id) REFERENCES public.client(id) ON UPDATE CASCADE ON DELETE CASCADE;


--
-- Name: contract fk_client; Type: FK CONSTRAINT; Schema: public; Owner: postgres
--

ALTER TABLE ONLY public.contract
    ADD CONSTRAINT fk_client FOREIGN KEY (client_id) REFERENCES public.client(id) ON UPDATE CASCADE ON DELETE CASCADE;


--
-- Name: contract fk_employee; Type: FK CONSTRAINT; Schema: public; Owner: postgres
--

ALTER TABLE ONLY public.contract
    ADD CONSTRAINT fk_employee FOREIGN KEY (employee_id) REFERENCES public.employee(id) ON UPDATE SET NULL ON DELETE SET NULL;


--
-- Name: employee fk_position; Type: FK CONSTRAINT; Schema: public; Owner: postgres
--

ALTER TABLE ONLY public.employee
    ADD CONSTRAINT fk_position FOREIGN KEY (position_id) REFERENCES public."position"(id) ON UPDATE SET NULL ON DELETE SET NULL;


--
-- Name: contract fk_tariff_plan; Type: FK CONSTRAINT; Schema: public; Owner: postgres
--

ALTER TABLE ONLY public.contract
    ADD CONSTRAINT fk_tariff_plan FOREIGN KEY (tariff_plan_id) REFERENCES public.tariff_plan(id) ON UPDATE SET NULL ON DELETE SET NULL;


--
-- Name: support_tickets support_tickets_client_id_fkey; Type: FK CONSTRAINT; Schema: public; Owner: postgres
--

ALTER TABLE ONLY public.support_tickets
    ADD CONSTRAINT support_tickets_client_id_fkey FOREIGN KEY (client_id) REFERENCES public.client(id);


--
-- Name: support_tickets support_tickets_employee_id_fkey; Type: FK CONSTRAINT; Schema: public; Owner: postgres
--

ALTER TABLE ONLY public.support_tickets
    ADD CONSTRAINT support_tickets_employee_id_fkey FOREIGN KEY (employee_id) REFERENCES public.employee(id);


--
-- Name: SCHEMA public; Type: ACL; Schema: -; Owner: postgres
--

REVOKE USAGE ON SCHEMA public FROM PUBLIC;


--
-- PostgreSQL database dump complete
--

\unrestrict ldZXI1onYHY9n9KeqeIReLUbCsU8q4UXdcrlBMIY6PtMRaHyx6q0o3P4SQAlAIb

